FID,community,transaction prices,total square footage,avg square footage,total amount,volume,latitude,longitude,INPUT_FID,DISTANCE to SP,Distance to ZGC
0,___,56867.75758,3121.1,94.57878788,175396490.9,33,40.045743,116.327245,0,3782.725266,7228.170548
1,____,48520.57895,1536.6,80.87368421,74030777.8,19,40.038225,116.336347,1,4521.156064,6561.689152
2,____,62488.39535,2468.34,57.40325581,149184000.6,43,40.051171,116.32705,2,3851.321416,7822.335224
3,___,52573.30508,3541.91,60.03237288,184490045.6,59,40.0471268,116.3284225,3,3885.713226,7394.161845
4,_____,46202.35088,4581.07,80.36964912,204723314.6,57,40.0463757,116.3322084,4,4170.529873,7365.102121
5,_____2__,53601.5,123.2,61.6,6625097.8,2,40.049769,116.325588,5,3709.516589,7653.061477
6,_______,53223.5,1188.77,59.4385,62705573.13,20,40.038875,116.33579,6,4469.229302,6619.543385
7,___,51580.90667,6752.49,90.0332,345771627.9,75,40.038879,116.32964,7,3997.133,6509.804371
8,_____,52261.8,571.4,57.14,29925178.2,10,40.043978,116.330147,8,4000.538357,7072.992516
9,___,50972.30769,795.62,61.20153846,40318428.29,13,40.0542509,116.3278012,9,3994.729024,8169.070227
10,___13__,70407.5,217.6,54.4,15350091,4,39.955332,116.335013,10,10743.67837,3355.514795
11,_____,91567.2,993.64,66.24266667,91840472.86,15,39.946637,116.326524,11,11400.77337,3997.367351
12,_____,78222.375,504.6,63.075,40150264.5,8,39.950103,116.336695,12,11327.61222,3926.439709
13,___,69162,638.69,106.4483333,43345276.84,6,39.9441715,116.3503814,13,12374.18948,5042.77827
14,_____,80411,485.66,69.38,40080220.12,7,39.922629,116.336961,14,14184.89853,6782.275941
15,___12__,85510.83333,461.6,76.93333333,38590189.5,6,39.95015234,116.3200568,15,10873.80337,3510.934265
16,___1_,62923.66667,178,59.33333333,11180094.8,3,39.95016213,116.3196457,16,10863.37584,3505.105865
17,___20__,71659.6,305.1,61.02,22600107.42,5,39.95416405,116.3263678,17,10610.02955,3193.900478
18,___21__,67454.84615,762.1,58.62307692,51358272.8,13,39.95442989,116.3264455,18,10584.49189,3167.931518
19,_____,70627.75,450,56.25,31760197.8,8,39.9265171,116.3320216,19,13655.41189,6267.562238
20,___3__,64247.75,229.24,57.31,14728154.21,4,39.953217,116.335543,20,10975.02691,3579.822313
21,____66__,74605.33333,174.1,58.03333333,12940034.7,3,39.95599455,116.3286802,21,10484.93195,3068.168411
22,____72__,73677.15385,835.52,64.27076923,61285408.74,13,39.95529653,116.3255685,22,10470.58043,3054.96702
23,_________,36886,594.23,198.0766667,21500349.64,3,39.94763499,116.3187302,23,11111.81444,3774.09753
24,______24_,68319.5,116.6,58.3,7966053.7,2,39.97817819,116.3111525,24,7701.771162,387.6533916
25,______40_,79140.5,859.9,61.42142857,68330353.3,14,39.94589238,116.3190276,25,11304.04421,3968.952194
26,___5__,72226,112,56,8060046.2,2,39.954425,116.33452,26,10820.35473,3424.081656
27,___7__,70780.4,266.3,53.26,18880127.6,5,39.95579,116.333435,27,10647.81582,3250.768229
28,___9__,73710,52.3,52.3,3855033,1,39.953217,116.335543,28,10975.02691,3579.822313
29,____17__,84985.5,249.4,62.35,21885173.1,4,39.953414,116.333967,29,10906.33475,3502.707925
30,____,63163.5,985.52,98.552,61950577.09,10,39.954586,116.33406,30,10789.71725,3391.245562
31,___6__,83843.6,312.6,62.52,26300091.7,5,39.95183,116.33032,31,10961.61988,3543.863078
32,_____,72724.33333,531.7,59.07777778,38130369.1,9,39.974865,116.35596,32,9716.108417,3398.525547
33,___14__,66972.42857,380,54.28571429,25260163.7,7,39.971862,116.366191,33,10475.91343,4246.810505
34,___18__,66995,466.6,66.65714286,31905255.6,7,39.970915,116.365946,34,10544.0171,4256.010287
35,___8__,71753,657.63,73.07,47090364.64,9,39.973374,116.366872,35,10383.31071,4259.616187
36,_____27__,67917,48,48,3260016,1,39.970925,116.3698189,36,10738.26253,4545.000041
37,____,72177.40816,3969.28,81.00571429,288480239.5,49,39.974569,116.358083,37,9844.072831,3566.188452
38,____2__,76406,77.22,77.22,5900071.32,1,39.97239149,116.3483155,38,9587.729,2905.683829
39,______69__,80092,95.89,95.89,7680021.88,1,39.97027934,116.3642479,39,10514.68248,4150.11951
40,____,69491.91667,827.42,68.95166667,54295467.67,12,39.971827,116.363686,40,10354.2135,4060.222179
41,____10__,66453.9375,1918.51,119.906875,118445873.5,16,39.95186772,116.2945263,41,10270.76997,3580.275255
42,____1__,74649,556.04,55.604,41693329.25,10,39.95473078,116.2938063,42,9948.470853,3316.361641
43,___23__,68371.75,434.18,108.545,29590199.62,4,39.95126189,116.2950484,43,10342.49292,3626.201365
44,____6__,86121.92857,1242.95,88.78214286,106945557.3,14,39.95467023,116.2965681,44,9982.953394,3231.828769
45,____,75726.68493,4510.52,61.78794521,341230939.1,73,39.9583787,116.297391,45,9584.990413,2830.401612
46,___17__,77599,175.9,87.95,13680142.1,2,39.95193169,116.2956961,46,10275.10171,3538.279976
47,___7__,72104.35714,962.61,68.75785714,69695366.99,14,39.95207134,116.2971592,47,10275.09218,3482.182979
48,_____23__,76108.3,638.22,63.822,48535346.26,10,39.95211073,116.3004256,48,10309.48593,3396.558649
49,_____27__,83239.5,106.5,53.25,8860066.6,2,39.94660772,116.3033273,49,10949.89213,3936.14689
50,___3__,78339.66667,197.2,65.73333333,15130094.4,3,39.95131613,116.2984757,50,10372.86734,3526.670224
51,____,65732.11111,731.73,81.30333333,47025349.68,9,39.920944,116.293966,51,13681.48509,6873.948508
52,____52__,58377.14286,590.58,84.36857143,33540276.35,7,39.922587,116.290539,52,13478.7295,6759.647265
53,___,89555.93333,900.6,60.04,80096497.3,15,39.926995,116.306017,53,13131.48951,6065.273165
54,___,58362.57447,2838.46,60.39276596,165065430.1,47,39.921775,116.292721,54,13581.38522,6805.59952
55,____,62005.22222,2053.89,114.105,129030861.2,18,39.923876,116.3026316,55,13434.25907,6437.981393
56,_____,70885.12903,7341.61,59.20653226,521139663.4,124,39.930344,116.290009,56,12616.68509,5944.010761
57,___44__,71905.25,207,51.75,14503107.6,4,39.929685,116.301587,57,12784.2803,5810.546474
58,_____,67413.36842,3397.72,59.60912281,226109029.7,57,39.92915,116.287589,58,12737.13412,6128.433327
59,___50__,65024,73.05,73.05,4750003.2,1,39.929006,116.30241,59,12867.97101,5875.738582
60,___62__,81351.5,84.5,42.25,6900045.4,2,39.926541,116.301286,60,13126.85682,6159.159714
61,_____30__,74325,162.8,162.8,12100110,1,39.9310459,116.315075,61,12824.59477,5592.786314
62,____,59653.55102,3302.7,67.40204082,196032386.7,49,39.92531853,116.2755186,62,13144.7982,6873.519343
63,____,59136.68519,3618.75,67.01388889,211548476.8,54,39.92135193,116.2811102,63,13584.84195,7112.633607
64,____,47488.09231,4403.83,67.75123077,224076114.7,65,39.92805577,116.2704938,64,12853.67217,6780.164771
65,____,89048.6,243.6,48.72,21240113.7,5,39.92662459,116.2976135,65,13082.34168,6198.689246
66,____1__,39391,98.5,98.5,3880013.5,1,39.93053664,116.2724904,66,12571.91729,6464.213042
67,_____,58412.55,2760.44,69.011,160737320,40,39.92824277,116.271687,67,12828.83297,6717.398413
68,___,67852.75,525.63,131.4075,35650221.61,4,39.92662587,116.2760438,68,12999.01669,6724.821285
69,___46__,56456.72727,1070.2,97.29090909,60160575.03,11,39.931993,116.283702,69,12408.44375,5939.310049
70,___26__,92510.88889,544.3,60.47777778,50630209.1,9,39.92615563,116.2993561,70,13150.01548,6225.288744
71,___38__,84381.2,284.09,56.818,23825079.44,5,39.92683721,116.2995831,71,13077.10462,6147.719291
72,_____,73752.11111,1045.35,116.15,77068531.05,9,39.929433,116.280417,72,12686.92515,6300.691456
73,________,70956.85714,381.1,54.44285714,27120120,7,39.9298331,116.3003643,73,12755.05179,5809.623719
74,____,64149.08333,694.9,57.90833333,44480300.4,12,39.9243888,116.3025722,74,13377.23544,6382.086208
75,______,77746.42857,894.85,127.8357143,65940543.17,7,39.91752294,116.2946324,75,14064.41638,7234.95377
76,______,68472,157,157,10750104,1,39.92668524,116.2871256,76,13008.48603,6399.30677
77,_____105__,89428.9,1334.23,66.7115,117306793,20,39.92773728,116.3011862,77,12994.20246,6029.015278
78,___82__,59561.3,775.45,77.545,46070376.99,10,39.92792,116.283357,78,12859.62932,6369.004655
79,___,76563.25,619.27,51.60583333,47189362.19,12,39.91958483,116.2993949,79,13874.6884,6944.794745
80,___96__,59283.71429,781.59,111.6557143,45830468.87,7,39.926603,116.285733,80,13012.48068,6442.666355
81,____,48094.33333,1038,173,48610448.03,6,39.926927,116.28711,81,12981.6163,6374.211138
82,___47__,72025,52.76,52.76,3800039,1,39.9242519,116.306228,82,13434.71672,6367.276551
83,___95__,72453.375,612.94,76.6175,44670375.84,8,39.924361,116.2914579,83,13287.4476,6550.982893
84,____,57950.72464,4170.63,60.44391304,243717115.5,69,39.923876,116.3026316,84,13434.25907,6437.981393
85,_____,71320.61194,4353.95,64.98432836,308090137.5,67,39.994136,116.3697857,85,8958.528668,4612.611993
86,_______,71559.42857,468.64,66.94857143,33977165.64,7,39.99349834,116.3582554,86,8319.659113,3746.732735
87,_______,59819,350.58,116.86,19750217.31,3,39.9983337,116.3578585,87,7946.051119,3943.866484
88,___,60694.95455,2274.6,103.3909091,136971997.5,22,39.988663,116.3681541,88,9249.086961,4339.863625
89,____,74106.5,2054.23,64.1946875,151299147.3,32,39.9937499,116.3640452,89,8639.659286,4177.447227
90,____,64861.35897,2654.9,68.07435897,171078124.2,39,39.99167834,116.360481,90,8583.062336,3843.360898
91,___,73376.13725,3069.82,60.19254902,224546625,51,39.98787988,116.3616985,91,8940.139278,3832.510444
92,_____8_,52759,107.54,53.77,5570031.5,2,39.98951598,116.3639069,92,8940.86762,4037.215284
93,_____,48726.375,449.8,56.225,21685270,8,39.999206,116.365078,93,8327.938011,4485.101921
94,____,65886.4,852.58,56.83866667,56310553.52,15,39.923649,116.333496,94,13993.53661,6604.015913
95,_____,63242.13636,1622.54,73.75181818,105520617.2,22,39.927429,116.321377,95,13329.8379,6026.562283
96,____,73390.5,827.18,59.08428571,60900367.86,14,39.923876,116.3026316,96,13434.25907,6437.981393
97,___8__,57398.25,311.6,77.9,17840120,4,39.926576,116.332251,97,13654.5907,6265.390645
98,_____,70197.50704,4306.05,60.64859155,303661307.7,71,39.926407,116.330006,98,13620.48221,6244.816487
99,____,84256.72727,1577.55,143.4136364,132420879.6,11,39.9348,116.327042,99,12662.27441,5285.536395
100,____,87949,555.8,50.52727273,48240210.9,11,39.9258487,116.3213925,100,13500.13438,6201.183085
101,____,80519.77778,930.39,103.3766667,76800290.79,9,39.930438,116.320596,101,12991.21713,5687.96987
102,_______,81339.36364,768.58,69.87090909,59730478.08,11,39.925678,116.319026,102,13474.58455,6203.755197
103,___,82933,285.1,71.275,23640128.2,4,39.9281242,116.3221246,103,13269.7374,5956.344842
104,____,73299.25,212.1,53.025,15675111,4,39.928307,116.326619,104,13343.21259,5987.240158
105,_____14__,65258.6,365.3,73.06,24040206.3,5,39.9322779,116.325094,105,12886.84754,5532.595935
106,_____16__,70945,229.1,57.275,16240152.5,4,39.932134,116.323884,106,12876.26452,5533.406282
107,_____20__,63444,84.8,84.8,5380051.2,1,39.932268,116.322006,107,12822.92695,5498.533722
108,_____38__,68452.2,341.2,68.24,23130157.3,5,39.930861,116.313861,108,12824.18306,5611.520718
109,______7__,89656,58,58,5200048,1,39.933253,116.330271,109,12901.97763,5508.830976
110,_____,91059.34615,1632.15,62.775,149300721.3,26,39.92706176,116.3257252,110,13457.02672,6111.943778
111,___,81015.47826,1159.42,50.40956522,92229516.91,23,39.92808028,116.3210673,111,13253.82362,5952.125227
112,___14__,100000,41.3,41.3,4130000,1,39.922981,116.313542,112,13675.26159,6486.239565
113,______,83802.14286,453.98,64.85428571,37475259.48,7,39.92847659,116.3104487,113,13030.10083,5879.517499
114,____5__,75686.58333,755.4,62.95,56640395.86,12,39.935392,116.32911,114,12648.27835,5256.714137
115,______,83063.5,248.4,62.1,20420173.4,4,39.925518,116.324748,115,13601.91405,6269.848854
116,_____76__,65565,187.56,62.52,13560048.56,3,39.92655255,116.3044266,116,13160.57186,6126.475896
117,_____82__,83129.53846,703.8,54.13846154,58810329.3,13,39.92595086,116.3053746,117,13237.96815,6185.354345
118,_____86__,77288.41667,1170.19,97.51583333,87290631.68,12,39.92528348,116.3051063,118,13307.91116,6261.133923
119,___10__,92004.4,250.5,50.1,22790097.7,5,39.93315041,116.3219326,119,12726.91678,5400.622505
120,___15__,77028.33333,357.8,59.63333333,27010194.3,6,39.93315041,116.3219326,120,12726.91678,5400.622505
121,___1__,85998.6,271.4,54.28,23538135.8,5,39.93521055,116.3270235,121,12618.32764,5240.628338
122,___15_,77510.75,224.55,56.1375,17330075.2,4,39.9242629,116.318825,122,13623.84958,6359.350071
123,___,44861.75,724.53,181.1325,32330351.57,4,39.92911008,116.306883,123,12911.09287,5825.504522
124,____,67349.4,1023.91,102.391,67870584.84,10,39.92709663,116.3183013,124,13308.32774,6042.67326
125,___,64258,49.8,49.8,3200048.4,1,39.92682295,116.3160013,125,13297.79884,6063.755544
126,___16__,67342,69.2,69.2,4660066.4,1,39.92668287,116.3259372,126,13501.98109,6156.109483
127,___36__,71627,486.32,69.47428571,34918220.33,7,39.92667504,116.3259053,127,13502.14532,6156.56898
128,___40__,70683.3,654.08,65.408,46350251.94,10,39.92667504,116.3259053,128,13502.14532,6156.56898
129,___43__,71589.33333,180.5,60.16666667,12930094.4,3,39.92693365,116.3109333,129,13205.43628,6049.580789
130,___53__,73203,76.5,76.5,5600029.5,1,39.92687558,116.3072036,130,13159.81368,6070.879287
131,____34_,73087.5,241.26,60.315,17600102.01,4,39.92653796,116.3181462,131,13365.90947,6103.784889
132,____51__,75281.4,321.52,64.304,24330149.7,5,39.92620022,116.3127664,132,13313.00602,6128.756282
133,____,79671.6,1854.83,123.6553333,146325811.3,15,39.9277612,116.3148545,133,13176.86944,5956.951906
134,______,41673,67.19,67.19,2800008.87,1,39.89817716,116.3160635,134,16417.12675,9243.059198
135,______5__,86662.66667,189,63,16400137.2,3,39.927453,116.316472,135,13237.60369,5995.330649
136,______7__,96225,208.33,52.0825,19460149.62,4,39.926646,116.3165739,136,13326.72725,6085.195232
137,____3_,78049,169.83,84.915,13110069.03,2,39.925609,116.326263,137,13623.5909,6277.861281
138,_______2__,94688,84.7,84.7,8020073.6,1,39.9240356,116.3027979,138,13418.51542,6418.788032
139,_____44__,92088,67.87,67.87,6250012.56,1,39.934328,116.330911,139,12804.22196,5405.531994
140,____49_,76486.25,241.9,60.475,18120067.4,4,39.907951,116.300365,140,15166.56004,8214.381021
141,___16__,87026.6,384,76.8,33278221.5,5,39.90944005,116.2983552,141,14985.45584,8070.824251
142,___17__,71737.6,325.3,65.06,22640163.1,5,39.90914917,116.295918,142,14999.3715,8131.562643
143,___22__,73380,459.31,57.41375,33380172.3,8,39.91047227,116.295828,143,14852.43513,7987.835167
144,___26__,72934.75,200.7,50.175,14420069.5,4,39.91047227,116.295828,144,14852.43513,7987.835167
145,___2__,79041.22414,3274.09,56.44982759,254849444.1,58,39.9094128,116.2949279,145,14963.48103,8115.641018
146,___4_,64805.63636,669.5,60.86363636,42769323.5,11,39.9105913,116.2957432,146,14838.67771,7975.910575
147,____9__,77007.875,426.9,53.3625,32550176.9,8,39.91014117,116.2946803,147,14881.27029,8039.386631
148,______,71282,223.4,74.46666667,14055125,3,39.91257132,116.2975285,148,14633.06043,7736.526437
149,______,85701.66667,140.3,46.76666667,11780089.9,3,39.9099821,116.2965387,149,14911.70963,8032.519477
150,____,78203.5082,3514.88,57.62098361,272574840,61,39.91060534,116.2927099,150,14817.7554,8017.34521
151,____,57969.33333,437.43,72.905,25220275.93,6,39.908582,116.314311,151,15256.22491,8085.462522
152,____,87741.76923,775.89,59.68384615,68080369.18,13,39.91588634,116.2893642,152,14215.31836,7502.634866
153,____,77834.1875,3476.06,54.3134375,264919566.4,64,39.91277104,116.2922135,153,14575.10723,7789.628816
154,___,74124.90909,1314.22,119.4745455,97340613.23,11,39.91014626,116.2933987,154,14872.64776,8057.048524
155,___,81262.64,1605.04,64.2016,129287793.5,25,39.91130353,116.3059463,155,14852.5239,7802.397132
156,____,83409.46154,688.14,52.93384615,56840356.16,13,39.91193911,116.3005704,156,14728.45228,7772.946562
157,____,77035.93878,2884.46,58.86653061,220160433.3,49,39.90466784,116.3038923,157,15561.10819,8549.279954
158,___,75178,42.3,42.3,3180029.4,1,39.93262,116.2354,158,12774.65688,8097.081313
159,___,55452,1187.56,169.6514286,69750713.84,7,39.908894,116.296769,159,15033.66866,8149.019984
160,___12__,73102.90909,590.26,53.66,42060279.84,11,39.90903382,116.2891774,160,14974.0868,8245.665264
161,___18__,85494,60.8,60.8,5198035.2,1,39.90654137,116.2882842,161,15246.79681,8530.893679
162,___24__,71586,341.31,56.885,24270166.68,6,39.90735967,116.2900441,162,15163.51987,8412.391151
163,___26__,79418.55556,501.8,55.75555556,38247222.1,9,39.90676298,116.2898595,163,15228.81953,8480.171878
164,___27__,80986,71,71,5750006,1,39.90259216,116.28986,164,15691.16269,8933.258555
165,____15__,78362.6,326.96,65.392,25410169.38,5,39.91210212,116.2902691,165,14638.98864,7894.678786
166,_____,65690.66667,907.12,151.1866667,54890633.32,6,39.91063093,116.2972163,166,14845.03615,7953.119092
167,____3__,76980.39286,1606.96,57.39142857,124215684.2,28,39.90129927,116.3175018,167,16096.64744,8900.098435
168,____,81793.5,726.3,60.525,58970394.6,12,39.910959,116.31915,168,15070.70732,7835.064611
169,_____7__,62092,61.2,61.2,3800030.4,1,39.90159738,116.311651,169,15984.98492,8861.134806
170,_____,57959,123.7,61.85,7190043.8,2,39.90105979,116.3175491,170,16123.45373,8926.810195
171,___,72238.75,1552,388,112340892,4,39.91056594,116.3134725,171,15027.8096,7864.682321
172,_____,72213.5,883.09,147.1816667,63940435.61,6,39.91398031,116.2963697,172,14468.53587,7596.828734
173,_____,80966.66667,1213.06,202.1766667,96000833.4,6,39.91463136,116.3015072,173,14440.38791,7467.374905
174,_____,78579.2,1401.12,93.408,107775556.6,15,39.91398031,116.2963697,174,14468.53587,7596.828734
175,____,55275.33333,475.15,158.3833333,26300271.68,3,39.91247385,116.3029734,175,14692.38874,7692.840203
176,_______,69908,131.9,65.95,9270043,2,39.90649496,116.2890224,176,15254.90796,8523.213135
177,__25__,66629,86.9,86.9,5790060.1,1,39.911736,116.301906,177,14763.22741,7783.120194
178,___25__,68248,411.03,68.505,28840182.06,6,39.91047227,116.295828,178,14852.43513,7987.835167
179,__3__,67738,114.9,57.45,7760047.2,2,39.908618,116.301482,179,15102.94536,8130.830806
180,____,80026,1832.72,59.12,143398778.5,31,39.91519474,116.2935887,180,14315.06437,7504.406076
181,____,77000.14286,1834.22,65.50785714,140299823.8,28,39.91384259,116.2949383,181,14473.55011,7631.560016
182,____,72021,211.6,70.53333333,15400094.24,3,39.91456053,116.2935457,182,14384.97592,7574.060513
183,_____,77866.21053,1076.84,56.67578947,82054496.92,19,39.907617,116.294854,183,15161.67685,8313.058885
184,______,33588.28333,4713.39,78.5565,165263309.8,60,40.045754,116.184117,184,7301.643751,12277.45265
185,______,52648,65.53,65.53,3450023.44,1,40.0981,116.215974,185,7736.018113,14979.40175
186,______,37440.16667,373.32,62.22,13920129.46,6,40.0981,116.215974,186,7736.018113,14979.40175
187,________,38155.25,290.23,72.5575,11030113.86,4,40.043586,116.234579,187,3393.848195,9198.787213
188,____,23084,56.1,56.1,1295012.4,1,40.082144,116.230638,188,5648.657569,12878.29134
189,309_____,61837,77.3,77.3,4780000.1,1,40.022735,116.265599,189,2529.729007,5881.101996
190,________,36065.66667,1425.13,475.0433333,51300498.93,3,40.0364821,116.2172035,190,4805.50473,9618.246494
191,_____,33565,54.7,54.7,1836005.5,1,40.05723556,116.2304334,191,4007.326016,10575.45764
192,____,38954.66667,3875.61,258.374,151111996.7,15,40.045161,116.180248,192,7599.178086,12484.78377
193,___,39432.75,758.91,63.2425,30037314.64,12,40.067949,116.163339,193,9302.730608,15056.08292
194,______,46925.00565,15385.82,86.92553672,714837704,177,40.0413104,116.2228937,194,4306.102887,9644.007656
195,______85__,47790.66667,842.85,280.95,39730548.6,3,39.998763,116.227878,195,6340.120469,6874.536676
196,_______,50472.34483,3796.67,130.9196552,189066561.1,29,40.0774689,116.2514725,196,4292.215887,11684.68876
197,_______,43320,498.55,62.31875,21730239.89,8,40.051288,116.165814,197,8754.552333,13790.60654
198,___,64000,37.5,37.5,2400000,1,40.033241,116.204136,198,5865.517227,10211.90373
199,____7__,33903.83333,499.22,83.20333333,16960249.29,6,40.10763607,116.1406068,199,12807.85816,19353.83324
200,___63__,66364,408.77,58.39571429,26580171.96,7,39.90115,116.327528,200,16276.62706,8980.071866
201,___66__,63501.6,242.38,48.476,15201103.96,5,39.899618,116.329326,201,16474.84386,9166.957619
202,____15__,75306,259.6,64.9,19126148.4,4,39.901351,116.327298,202,16250.7686,8955.719739
203,____5__,99355.08333,1095.07,91.25583333,108450617.8,12,39.9039779,116.325477,203,15934.40308,8649.537159
204,_____2__,64757.57143,443.8,63.4,28390231.8,7,39.9004,116.330646,204,16415.43082,9095.695254
205,______8__,70165.85714,1095.57,78.255,77830636.06,14,39.899924,116.328255,205,16422.16572,9122.241037
206,___,67512.6,398.17,79.634,27150197.28,5,39.904238,116.324041,206,15881.18272,8609.156776
207,____,71757.25,289.13,72.2825,21390059.63,4,39.898693,116.336626,207,16718.07704,9362.28835
208,____3__,64649.5,165.2,82.6,10680097.4,2,39.8975037,116.3385323,208,16885.39355,9521.339063
209,____6__,71241.2,559,55.9,39565304.5,10,39.904214,116.329743,209,15987.78374,8666.509562
210,___3__,81324.66667,161.9,53.96666667,13260084.6,3,39.91002059,116.3228574,210,15234.87465,7961.231248
211,_____9__,69280.42857,477.34,68.19142857,33280203.35,7,39.8972771,116.3260068,211,16668.63708,9393.603907
212,___,73108.5,428.57,53.57125,31300168.8,8,39.90676173,116.3254598,212,15633.32494,8342.264859
213,___,72244.5,117.4,58.7,8490050.7,2,39.909274,116.331789,213,15485.70274,8138.096547
214,___1__,66147.2,492.6,98.52,33080164.9,5,39.8990764,116.3169603,214,16331.42061,9145.25997
215,____,28903.75,259.68,64.92,7507140.92,4,39.899477,116.322183,215,16366.62442,9123.112665
216,_____5__,64535,192.8,64.26666667,12450048.7,3,39.90282556,116.3183038,216,15942.13774,8733.41099
217,______,63964.33333,153.87,51.29,9870092.08,3,39.90069718,116.3128364,217,16098.58482,8960.405071
218,____16__,63493,56.7,56.7,3600053.1,1,39.90208935,116.3153466,218,15979.78703,8807.54158
219,_____9__,112900.4,572.37,114.474,63980351.87,5,39.90968716,116.3219994,219,15256.11298,7992.06986
220,____,37750.66667,961.46,160.2433333,36526496.94,6,39.89743169,116.3277837,220,16682.88928,9392.235015
221,_____,64649.96774,1925.59,62.11580645,126229025.7,31,39.9077763,116.3209454,221,15445.50512,8196.996965
222,____,62221.5,224.58,112.29,14050158.9,2,39.9010917,116.3235931,222,16214.46346,8953.644511
223,___100__,58191,40.9,40.9,2380011.9,1,39.900427,116.322178,223,16263.35693,9017.919651
224,___103__,62587,57.6,57.6,3605011.2,1,39.901314,116.324451,224,16204.84503,8935.369302
225,___30__,64644.8,662.87,66.287,41868209.11,10,39.89786,116.329344,225,16664.77931,9360.534142
226,____,49904.85714,2737.63,78.218,137469515.3,35,39.887637,116.296052,226,17380.34706,10493.91322
227,____,52772.65625,3617.83,113.0571875,189713719.3,32,39.89539357,116.2989997,227,16542.31926,9611.49895
228,____10__,52467,2971.79,66.03977778,153105991.2,45,39.88821589,116.2917384,228,17293.15544,10477.72777
229,____,39553.625,3443.36,143.4733333,132666357.3,24,39.88908346,116.291355,229,17195.24613,10387.39646
230,____,61801.76471,1564.81,92.04764706,96861053.35,17,39.88919464,116.2924989,230,17188.30758,10361.18906
231,_____,47657.39024,3268.64,79.72292683,153903305.3,41,39.891026,116.296194,231,17006.12726,10119.29163
232,____,66276.25,1547.29,193.41125,97755394.77,8,39.973818,116.377573,232,10912.08528,5064.618855
233,___,56086.37931,5556.81,63.87137931,301251848.7,87,39.97038574,116.3690662,233,10745.26795,4504.567486
234,____,64592.75,526.1,65.7625,34213356.6,8,39.97027317,116.3686807,234,10735.29917,4479.272443
235,____,68709.33333,151.3,50.43333333,10340088.8,3,39.97043389,116.3698612,235,10781.51622,4562.430377
236,____,73561.42857,1048.31,149.7585714,75240423.85,7,39.973438,116.377633,236,10945.39593,5076.390862
237,_____43__,76477.76471,1162.2,68.36470588,89955579.2,17,39.971665,116.370476,237,10710.32704,4574.089886
238,______43__,71533,82.2,82.2,5880012.6,1,39.971832,116.373805,238,10869.84144,4820.891088
239,_____,69632.1,1165.11,58.2555,81093611.84,20,39.9721868,116.3700825,239,10646.79614,4531.036289
240,_____2__,67886.66667,175.81,58.60333333,12150022.37,3,39.9749709,116.37248,240,10545.47689,4654.727313
241,____,39383.63514,4832.44,65.30324324,194748755.5,74,39.96950023,116.3725432,241,10996.4037,4790.523255
242,____,69517.5,99.4,49.7,6910039.5,2,39.97044254,116.3678004,242,10676.73683,4408.537867
243,____,66337.93103,3685.39,127.0824138,240713799.9,29,40.03005106,116.2627975,243,1938.484408,6659.187711
244,_______,66764.5,2411.11,100.4629167,156951004.7,24,40.020457,116.272288,244,2622.843325,5365.592385
245,_______,57308.05556,1633.27,90.73722222,93831050.87,18,40.025772,116.272601,245,2039.80564,5839.821109
246,_______,53567.21429,2559.82,182.8442857,134751434.2,14,40.020977,116.272743,246,2559.784437,5391.875885
247,________,70167.25,932.65,116.58125,63747440.34,8,40.019878,116.279192,247,2644.156193,5014.438186
248,______,76401,477.12,159.04,36928155.6,3,40.0206337,116.2728424,248,2596.045806,5356.37632
249,____,65398,2869.64,98.95310345,182674746.6,29,40.032103,116.282863,249,1330.814369,6097.095998
250,____,57312,338.82,84.705,19380140.21,4,40.023409,116.269691,250,2351.115163,5748.951783
251,_______,51061.56522,3142.62,136.6356522,155649334.1,23,40.018894,116.292382,251,2956.579554,4461.531233
252,_____2__,64356.57143,382.1,54.58571429,24430181.6,7,40.027839,116.280374,252,1765.903444,5745.164412
253,____,61908.3,1508.92,150.892,93580933.75,10,40.02005888,116.2764078,253,2628.160304,5147.287543
254,_____3__,60110,54.9,54.9,3300039,1,40.030043,116.274288,254,1548.592692,6180.554524
255,____,52460,91.69,91.69,4810057.4,1,40.014027,116.272584,255,3324.255211,4791.989763
256,____,60341.66667,409.59,136.53,24700185.01,3,40.030111,116.29445,256,1950.927186,5598.155503
257,________,48545.33333,175.51,58.50333333,8580139.25,3,40.000401,116.263275,257,4947.448517,4396.924331
258,____,52884,261.42,87.14,14100091.56,3,40.033283,116.288323,258,1385.167885,6071.850733
259,___,42868.54545,1012.09,92.00818182,42426656.59,11,40.031393,116.273149,259,1425.097357,6354.399267
260,___________,59115.18182,707.47,64.31545455,41860353.37,11,40.021015,116.276416,260,2522.156682,5235.800301
261,____,58943.22222,3111.3,115.2333333,184136584.2,27,40.023822,116.294104,261,2516.618819,4934.680846
262,______,69776.81818,1673.7,152.1545455,114711048,11,40.01424613,116.2945265,262,3497.808212,3920.401916
263,_____167__,72111,110.49,55.245,8125064.49,2,39.97692,116.364255,263,9954.160272,3993.681841
264,____,79162.38462,922.02,70.92461538,74580422.22,13,39.97752612,116.3610818,264,9741.069764,3741.613594
265,_____,66971.23214,3902.48,69.68714286,255349798.8,56,39.9798313,116.3673253,265,9879.731818,4203.918866
266,_____,65986.1875,1438.31,89.894375,94640846.95,16,39.97766704,116.3658976,266,9978.342707,4110.731802
267,_____,72756.55357,3222.46,57.54392857,233618423.2,56,39.97622225,116.3683904,267,10227.22398,4321.297424
268,_____,74213.38889,2138.77,59.41027778,158311091.1,36,39.97743653,116.366337,268,10020.23474,4147.235272
269,____,62751,94.82,94.82,5950049.82,1,39.98110804,116.3693195,269,9887.675067,4354.845392
270,____,75395.1875,5546.03,57.77114583,417268600.7,96,39.97547719,116.3687417,270,10306.42521,4359.995727
271,____,69078.77778,484.15,53.79444444,33552272.96,9,39.90998921,116.3681371,271,16390.00391,9003.240784
272,____,64064,2949.23,113.4319231,190401621.7,26,39.980172,116.374859,272,10268.34693,4785.709589
273,___,79959.75,160.1,40.025,12800018.9,4,39.9782921,116.3718977,273,10249.82193,4567.524544
274,_____28__,72535.375,1602.23,66.75958333,115955727.2,24,39.97854382,116.366911,274,9960.789282,4180.301711
275,____,73753.21053,1016.3,53.48947368,76050430.2,19,39.97995378,116.351658,275,9066.318988,2991.221543
276,______,68953.5,109.6,54.8,7740069.3,2,39.97523473,116.3493192,276,9373.966996,2888.108636
277,____,64125.31034,2229.92,76.8937931,143231359.7,29,39.97920559,116.3717658,277,10170.93184,4550.759958
278,____32__,59553.5,105.8,52.9,6260030.2,2,39.9805222,116.3656645,278,9735.198631,4072.835284
279,____,76458,113.8,56.9,8700014.8,2,39.9816945,116.3618747,279,9438.697279,3778.2745
280,____14__,67273,55,55,3700015,1,39.980908,116.369939,280,9937.423325,4403.044206
281,____16__,65188,178.2,59.4,11495055.3,3,39.9807409,116.369897,281,9948.13922,4400.065484
282,___3__,71872.625,540.08,67.51,38900198.16,8,39.977168,116.364794,282,9961.61156,4031.798388
283,_28__,67976,468.45,66.92142857,31355193,7,39.979933,116.373144,283,10190.68605,4653.802348
284,___,59439.61538,1454.62,111.8938462,86503693.25,13,39.979966,116.376432,284,10372.78679,4908.18157
285,________,48028,58.3,58.3,2800032.4,1,40.02643336,116.3406366,285,5179.901171,5436.342716
286,___,41175.5,1174.58,83.89857143,48890596.08,14,40.03184685,116.3358154,286,4629.941333,5871.442482
287,___32__,55365.3,692.25,69.225,37830349.27,10,40.03766481,116.3487763,287,5482.960074,6831.175588
288,___,42502.375,504.7,63.0875,21342279.7,8,40.02608654,116.3329157,288,4646.152878,5194.036851
289,621__,55221.20833,1405.1,58.54583333,77120607.3,24,40.03121942,116.3208048,289,3558.202883,5564.159107
290,_________,51498.33333,177.2,59.06666667,9060106.4,3,40.03606967,116.3430113,290,5067.109706,6497.444344
291,____,50508.19048,3750,89.28571429,186920013.7,42,40.03698427,116.3627416,291,6564.962589,7271.069393
292,___,49496.97436,6156.7,78.93205128,297761803.2,78,40.03400648,116.3626911,292,6606.898094,6990.486934
293,______,40374.75,585.09,146.2725,23610275.46,4,40.04041835,116.3385812,293,4667.229169,6844.050093
294,______,33882,144.03,144.03,4880024.46,1,40.04041976,116.337806,294,4607.413061,6827.138728
295,________,48346.18182,685.33,62.30272727,33184263.05,11,40.03038565,116.3222636,295,3698.454079,5485.599166
296,___,56581.93333,1411.79,94.11933333,81138375.84,15,40.03184231,116.3661703,296,6914.426251,6946.852937
297,_____,51197.23077,1947.69,74.91115385,99301005.26,26,40.03194667,116.3185758,297,3367.891569,5628.808673
298,_______,45595.64286,1112.22,79.44428571,50865540.33,14,40.03194667,116.3185758,298,3367.891569,5628.808673
299,____,46050.25,2164.34,90.18083333,99095038.73,24,40.02974063,116.3311809,299,4364.740303,5547.507611
300,____,57943.77907,7295.63,84.83290698,421588515.6,86,40.04302239,116.3390309,300,4688.382933,7131.113908
301,______,49187.31667,3509.64,58.494,171027498.9,60,40.02603914,116.328376,301,4332.348184,5096.12442
302,______,52000.08333,679.9,56.65833333,35110231.9,12,40.02603914,116.328376,302,4332.348184,5096.12442
303,____,45632.72727,1171.67,106.5154545,53530418.42,11,40.03841496,116.3383031,303,4668.488841,6624.993203
304,____,48015.4,365.93,73.186,16866966.13,5,40.02842026,116.3367748,304,4821.524128,5533.806478
305,_______,38195,50.4,50.4,1925028,1,40.03431075,116.328366,305,4000.704419,5993.086915
306,___,47011.0625,3198.47,99.9521875,150276635.1,32,40.02973308,116.3446886,306,5355.08027,5898.173756
307,___57__,49473.33333,155.4,51.8,7640096,3,40.03734675,116.3429312,307,5039.195541,6627.949703
308,___58__,45175.5,238,59.5,10780107.6,4,40.03678996,116.3433415,308,5079.606337,6581.276913
309,___,59342,530.8,66.35,31710341.54,8,39.94082962,116.3875463,309,14205.74602,7318.519113
310,____,52617.52083,3947.4,82.2375,207341695.9,48,40.02880287,116.3527757,310,5984.587591,6094.721974
311,_____,46934.42593,4459.36,82.58074074,207752312.3,54,40.02851594,116.3477625,311,5622.238942,5880.22967
312,______,50292.21622,3104.59,83.90783784,163721442.7,37,40.02806738,116.3405775,312,5111.222291,5601.936904
313,____,53871.62963,2421.68,89.69185185,130784072.3,27,40.02690989,116.3443047,313,5426.23053,5601.575833
314,___,73850.64103,8413.89,107.8703846,615980686.5,78,40.0273471,116.3262717,314,4121.777785,5203.102233
315,___,54731.70732,2640.58,64.40439024,142863528.6,41,40.03042504,116.3647834,315,6841.311391,6756.491345
316,____E_,60343,762.89,254.2966667,45650395.7,3,40.04237629,116.3331391,316,4234.461141,6946.406711
317,_______,53237.42857,448.32,64.04571429,23583106.08,7,40.03618374,116.3401464,317,4846.488306,6433.700214
318,____5__,50148.75,209.9,52.475,10440115.5,4,40.03896863,116.345851,318,5241.885887,6877.126574
319,____6__,56411.28571,1183.1,56.33809524,65183476.5,21,40.03866086,116.3439779,319,5101.339737,6792.992461
320,____7__,48042.2,862.72,86.272,40765477.85,10,40.03989655,116.3434858,320,5050.165871,6908.51048
321,____,47112.25,1900.84,79.20166667,87086159.58,24,40.03242509,116.3313963,321,4283.968122,5840.425565
322,___,49897.05263,3847.23,101.2428947,186930953.6,38,40.03309715,116.3345421,322,4497.240497,5975.89085
323,___,44774.54545,1852.52,84.20545455,83935845.18,22,40.03650835,116.3535074,323,5862.591591,6872.755486
324,____,53856.51034,8619.17,59.44255172,460732324.5,145,40.03301744,116.3542155,324,5981.590746,6556.506675
325,____,56097.88525,3700.04,60.65639344,206928670.3,61,40.03161228,116.3499048,325,5689.818521,6261.80866
326,___,51509.17273,8988.85,81.71681818,442445273.4,110,40.0335195,116.343757,326,5178.380873,6255.4049
327,___6__,54141.4375,933.17,58.323125,50330515.72,16,40.03075207,116.3458361,327,5408.963758,6038.058513
328,____6__,60176.25,219.2,54.8,12900118.4,4,40.03301744,116.3542155,328,5981.590746,6556.506675
329,______,48988.4,1364.02,272.804,66430568.64,5,40.04168491,116.3495616,329,5507.124511,7265.047135
330,____,54002.70588,1121.34,65.96117647,60310558.72,17,40.02931703,116.3488981,330,5680.485771,5999.613656
331,____,69213.44444,1566.64,87.03555556,109030786.5,18,40.0409099,116.3468108,331,5298.807184,7104.877803
332,______,64374,108.74,108.74,7000028.76,1,40.0409099,116.3468108,332,5298.807184,7104.877803
333,___,58832.30769,2337.95,89.92115385,138356365.1,26,40.03304063,116.3658525,333,6866.07839,7040.252756
334,___,55965.44828,3458.27,119.2506897,191981612,29,40.03340237,116.3643936,334,6747.970662,7008.382807
335,____,57823.6,486.54,97.308,28150347.17,5,40.03577199,116.3151681,335,2974.417773,6039.657252
336,____,71437.23077,3721.79,143.1457692,252949971.7,26,40.03254191,116.3034543,336,2297.087696,5727.656795
337,____,69096.66667,224.41,74.80333333,14970070.36,3,40.03386338,116.3102504,337,2692.008264,5829.742197
338,____,52888.73333,4912.33,109.1628889,254209588.4,45,40.03912963,116.3168389,338,3013.622658,6416.894823
339,____,94810.84091,10892.48,82.51878788,963909156.1,132,40.03191165,116.306922,339,2562.288899,5629.178016
340,______,61023.16456,6462.29,81.80113924,386273221.6,79,40.04374248,116.315216,340,2845.188829,6924.47694
341,____,55986.6,702.36,140.472,39170454.67,5,40.03688097,116.3130448,341,2781.913263,6160.652919
342,___1__,85203.77778,2080.53,57.7925,174159067.9,36,40.03407949,116.2996749,342,1958.766056,5941.076912
343,____,65601.25,1251.27,156.40875,80670548.77,8,40.03216204,116.3115478,343,2863.396728,5637.949644
344,__MOMA,34544.5,2113.84,105.692,89841417.04,20,40.04352361,116.3109267,344,2513.379696,6900.254523
345,____6__,58118.16667,619.86,103.31,36210232.56,6,40.02850612,116.3115991,345,3069.757162,5232.023439
346,____8__,93969,78.75,78.75,7400058.75,1,40.02830741,116.3109166,346,3038.108621,5211.404274
347,____,68119,244.03,122.015,16250077.05,2,40.02812749,116.3103449,347,3013.033556,5193.060902
348,___,79927.3,1663.2,166.32,133730878.8,10,39.962058,116.28699,348,9087.656495,2949.28611
349,___,89148.5,579.16,144.79,51230351.62,4,39.96080274,116.282249,349,9207.626129,3306.981816
350,___,92479,1109.65,138.70625,101400526.4,8,39.9573112,116.2858281,350,9607.618096,3407.623122
351,________,55540.61538,2343.23,180.2484615,131571619.3,13,39.953475,116.279419,351,10016.82162,4051.582434
352,___,78471,951.23,135.89,73570556.72,7,39.96048,116.283745,352,9247.859504,3249.783398
353,_____,80414.3,4091.84,136.3946667,325975792.2,30,39.95081176,116.2770145,353,10312.8388,4398.068698
354,____,77400.25,376.71,94.1775,29100165.95,4,39.96628419,116.2778116,354,8594.421456,3206.697769
355,___,76354.84091,3345.25,76.02840909,253993516.3,44,39.9613306,116.2723118,355,9156.611504,3865.447076
356,_____,77780.53333,2642.39,88.07966667,204666029.2,30,39.95086047,116.2796909,356,10307.29045,4265.026561
357,_____,75264.5,1344.32,168.04,99880837.02,8,39.95496022,116.2805382,357,9852.962272,3869.761767
358,_____,66569.45455,1410.44,128.2218182,92610567.04,11,39.95451321,116.2756498,358,9903.621589,4161.983009
359,___,82568.4,2112.01,140.8006667,172170825.3,15,39.960471,116.286511,359,9260.83374,3104.447558
360,_____,76592.13333,3419.18,113.9726667,259041719.6,30,39.95211007,116.2807453,360,10169.6526,4105.207926
361,_____,78907,1947.44,149.8030769,152630883.5,13,39.95390297,116.2750049,361,9972.570796,4245.413286
362,___,73798.89286,4116.44,73.50785714,300187011.8,56,39.95789707,116.2757469,362,9527.824609,3895.658619
363,___,80993.23529,2760.42,162.3776471,224401125.3,17,39.96134103,116.2764399,363,9144.456849,3608.143459
364,___,68745.72727,3039.63,92.11,208009689.5,33,39.95939643,116.2715838,364,9374.112404,4037.884495
365,___1__,47940,77.18,77.18,3700009.2,1,39.94185856,116.2757812,365,11308.23034,5256.189294
366,_______,87982.33333,1164.15,194.025,102980476,6,39.94874664,116.2887484,366,10571.70002,4086.414067
367,_______,90833,360.85,180.425,32750164.1,2,39.94874664,116.2887484,367,10571.70002,4086.414067
368,___,91877.125,1340.3,167.5375,123220523.8,8,39.965095,116.280924,368,8728.436853,3079.640378
369,____,41930,178.87,178.87,7500019.1,1,39.9752452,116.3216208,369,8301.918055,950.2697154
370,___,76561.44444,625.3,69.47777778,47830316.3,9,39.96859086,116.3157513,370,8824.239331,1436.771246
371,____,68689.72222,1732.23,96.235,115925956.6,18,39.97152915,116.3249099,371,8782.418694,1427.746073
372,____,85813.57778,2731.69,60.70422222,234261354.5,45,39.97358897,116.3208031,372,8445.814585,1052.806454
373,____,43759,182.82,182.82,8000020.38,1,39.97444037,116.314729,373,8185.731715,782.7724538
374,___,83568.77451,6142.14,60.21705882,509814933.3,102,39.97501669,116.3224761,374,8351.954672,1015.003027
375,___82__,91727.42857,438.9,62.7,40740217.9,7,39.97406511,116.3232654,375,8473.369994,1133.011537
376,_____,76847.66667,739.89,61.6575,56650420.4,12,39.98298243,116.3270796,376,7720.403173,1097.565238
377,_____111__,78261,92,92,7200012,1,39.97084982,116.3271319,377,8922.585078,1598.170423
378,____,69745.8,579.47,115.894,40220166.29,5,39.975093,116.321889,378,8325.757002,976.8639147
379,____,70834.44444,3060.88,113.3659259,212509312.7,27,39.96757442,116.3258932,379,9214.888042,1827.237688
380,____,79376.30303,2036.19,61.70272727,160170828.4,33,39.97409,116.331935,380,8767.170338,1669.838728
381,_____,73390.79167,1416.81,59.03375,103057609.2,24,39.972868,116.326317,381,8692.881182,1395.055921
382,_____,80378.94444,3021.63,55.95611111,241937452,54,39.971689,116.320182,382,8622.497862,1209.772655
383,_____6__,79386.63636,536,48.72727273,42815285.6,11,39.972808,116.330222,383,8831.939001,1634.003341
384,_____,77900.325,4651.09,58.138625,360586256.5,80,39.968142,116.332824,384,9385.24631,2121.820346
385,_____,80331.53659,2291.2,55.88292683,183455942.5,41,39.969051,116.324673,385,9026.880757,1638.264727
386,____,67239.1875,2106.15,131.634375,140286052,16,39.971058,116.333569,386,9123.82341,1957.937826
387,____,68017.375,3542.36,147.5983333,232877926.9,24,39.945251,116.276668,387,10930.54154,4906.045009
388,____,85042.16667,988.07,164.6783333,82970399.16,6,39.93875126,116.2867807,388,11669.24026,5155.205778
389,_____,89774.83333,812.81,135.4683333,73700463.17,6,39.93653951,116.2776964,389,11897.08486,5685.663376
390,____,58737.44737,3295.05,86.71184211,190187831.3,38,39.93557109,116.2687975,390,12027.68571,6137.262492
391,____,70613.88889,776.63,86.29222222,54550217.81,9,39.93441469,116.2784417,391,12132.87091,5866.813323
392,___,80204.88889,2743.63,152.4238889,214626440.9,18,39.93625685,116.2720632,392,11938.55499,5935.015461
393,_______,72767.14286,960.14,68.58142857,69240418.3,14,39.93944765,116.2843904,393,11583.2025,5161.299049
394,____,76798.53333,3118.47,207.898,231571706.2,15,39.93906711,116.2663602,394,11653.91527,5932.734398
395,___,65111.38095,2487.24,118.44,155001056,21,39.94131516,116.2695431,395,11387.55986,5584.64485
396,___26__,51398.77778,1654.3,91.90555556,85149940.44,18,39.90839102,116.2655857,396,15055.33121,8902.837534
397,____,65314,5264.21,131.60525,335462735.3,40,39.94308733,116.2823291,397,11173.96958,4875.754474
398,____,74097,3264.44,96.01294118,242135323.6,34,39.93496734,116.2840246,398,12079.24324,5625.64315
399,___,73403.2,1528.92,305.784,111600942.1,5,39.942036,116.2624977,399,11353.98379,5870.505687
400,___,71703,94,94,6740082,1,39.94407957,116.2748161,400,11063.31035,5095.153216
401,___,68953.26316,1688.36,88.86105263,116580764.7,19,39.93988638,116.2880225,401,11549.17561,5001.542984
402,___,64047.33333,1076.42,89.70166667,67040575.98,12,39.94160525,116.2867114,402,11352.54658,4867.984103
403,__1__,62427.58333,949.3,79.10833333,59290654.3,12,39.94303282,116.2746304,403,11179.86813,5198.354296
404,____,69517.5,1620.69,90.03833333,118520885.5,18,39.93093336,116.2869304,404,12536.65557,5958.492132
405,____,82773,2035.07,156.5438462,163420802.2,13,39.95090941,116.2628254,405,10372.134,5159.577468
406,____,46632,399.87,133.29,18650163.84,3,39.95299491,116.2633927,406,10137.04197,4976.574635
407,____,77800.84,2585.34,103.4136,205439449.1,25,39.95074336,116.2617775,407,10400.20154,5233.089066
408,____,76413.46154,2227.49,171.3453846,167421075.6,13,39.944914,116.290807,408,11008.80193,4403.356823
409,___,84055.34848,4474.76,67.79939394,370637150.5,66,39.983655,116.301959,409,6909.619844,897.8377417
410,____30__,75702.5,414.78,103.695,31310164.55,4,39.975076,116.305002,410,7890.6591,940.7916034
411,____31__,74270,160.9,160.9,11950043,1,39.976026,116.303869,411,7766.173611,930.48117
412,___,69493.68421,1409.41,74.17947368,92085783.53,19,39.975008,116.303074,412,7860.416579,1051.259155
413,____,69165.05,1261.86,63.093,87689529.85,20,39.965479,116.315825,413,9153.251847,1780.082286
414,_______,85187.6,333.43,66.686,28180089.24,5,39.982054,116.305772,414,7162.823422,571.5047715
415,____,41637.5,677.47,169.3675,27950284.92,4,39.97751076,116.3009714,415,7551.874608,1033.085754
416,___,80540.75758,1591.6,48.23030303,126005765.8,33,39.97923265,116.3026956,416,7398.717834,840.2043511
417,____,46498.5,991.09,165.1816667,45720514.89,6,39.973424,116.30809,417,8132.106708,966.3030591
418,____,71140.16949,3173.87,53.79440678,223672128,59,39.965363,116.311191,418,9058.590101,1786.393405
419,___52__,68544.6,442.85,88.57,30380155.67,5,39.9681129,116.309109,419,8720.609092,1506.890051
420,___77__,83038.6,511.2,51.12,42449165.2,10,39.971772,116.304421,420,8234.310369,1262.164361
421,_____,86104.58333,709.37,59.11416667,61375317.94,12,39.9714895,116.3001149,421,8189.99997,1490.050755
422,___62__,72916.36842,1534.15,80.74473684,112680733.3,19,39.97110122,116.3002876,422,8234.93945,1513.361406
423,___1__,88756.2,273.49,54.698,24130130.52,5,39.9704087,116.2994464,423,8297.202576,1614.143345
424,_____,91578.16667,709.92,59.16,64850365.62,12,39.96658292,116.3005626,424,8730.702779,1909.780558
425,______,48108.5,94.39,47.195,4540051.01,2,39.96224072,116.303037,425,9241.527032,2265.083271
426,____26__,101821.75,349.59,43.69875,35420193.21,8,39.96558023,116.2980284,426,8803.999895,2108.414607
427,_____,82874.70064,10023.6,63.84458599,819000132.7,157,39.96270207,116.2999883,427,9145.423565,2310.603288
428,_____,88651.48,1519.49,60.7796,133755732.2,25,39.971203,116.302242,428,8256.319331,1409.694725
429,______,83334.27273,1902.92,86.49636364,154861073.1,22,39.96255003,116.297098,429,9123.938407,2431.830708
430,____,46075.25,585.01,146.2525,26518273.35,4,39.9790886,116.3010291,430,7382.57841,968.698408
431,____,67609.66667,413.1,68.85,28430193.2,6,39.96658721,116.3129788,431,8968.453472,1644.415294
432,_____,68704,788.76,71.70545455,53080322.98,11,39.97675065,116.3087928,432,7794.658368,613.9808315
433,___,88772.5,139.2,69.6,12360062.46,2,39.97438223,116.3029827,433,7926.146423,1104.345858
434,____,70421.55556,736.53,81.83666667,51940296.15,9,39.97623068,116.3049742,434,7766.37631,851.0335688
435,____,77629.52381,1191.14,56.72095238,87480596.44,21,39.97991099,116.3007885,435,7289.449993,966.983664
436,___,93566.5,759.02,54.21571429,70658346.14,14,39.974254,116.305591,436,7990.686261,983.0870298
437,____,91626.75,179.8,44.95,16200136.4,4,39.986015,116.304029,437,6702.768994,869.1596366
438,____25_,92398.33333,137.1,45.7,12580037.5,3,39.984559,116.305857,438,6899.587426,661.1572096
439,____44_,75744,173.6,57.86666667,13010083.6,3,39.983804,116.304332,439,6944.425506,729.0935127
440,____,84477.84375,3803.43,59.42859375,319621867.9,64,39.9756684,116.3093457,440,7922.143698,699.0914991
441,____24__,96402.54545,880.4,80.03636364,81420452.77,11,39.9742139,116.308114,441,8048.530327,885.837363
442,____,76469.72,1678.9,67.156,127351049.9,25,39.982983,116.305415,442,7056.10891,620.0085047
443,__37__,66769.33333,196.2,65.4,13100143.2,3,39.928373,116.259123,443,12890.81952,7221.218776
444,__39__,54050.09091,729.15,66.28636364,39628454.06,11,39.930225,116.246737,444,12835.10162,7662.405744
445,__41__,57886,132.3,66.15,7630070.6,2,39.929608,116.257465,445,12770.3262,7186.137906
446,__48__,51144.14286,407.5,58.21428571,20772249.4,7,39.92839018,116.2514335,446,12971.54042,7580.288655
447,_____90__,49667,60,60,2980020,1,39.92787643,116.2626813,447,12916.63704,7111.174703
448,___19__,47075.5,350.89,58.48166667,16520181.81,6,39.92839018,116.2514335,448,12971.54042,7580.288655
449,________,50412.8,290.8,58.16,14760076.2,5,39.92617754,116.2396316,449,13389.18851,8365.801949
450,___,65527.66667,345.78,115.26,22680167.25,3,39.92783825,116.2402015,450,13199.58557,8201.099892
451,__40__,53042.71429,391.45,55.92142857,21220147.29,7,39.92715468,116.2530914,451,13087.07371,7608.154366
452,_____,53745.71212,2534.2,38.3969697,134457353.5,66,39.92927965,116.2684586,452,12726.53995,6741.282609
453,____,57804.61111,1085.5,60.30555556,60935325.07,18,39.92529946,116.2238966,453,13807.03707,9303.579612
454,___,68865,469.55,156.5166667,32000138.66,3,39.90521844,116.2595769,454,15443.90739,9420.260519
455,___1__,59227.33333,487.7,54.18888889,28500196.9,9,39.92386643,116.2582362,455,13395.79713,7672.603264
456,____,57443.35714,1042.29,74.44928571,60605564.31,14,39.92728016,116.2473316,456,13147.6812,7878.110973
457,___,57088.25,291.52,72.88,16558110.31,4,39.91163472,116.2586391,457,14742.21348,8820.619834
458,______,71980.28571,1234.72,88.19428571,89668624.67,14,39.92729066,116.2593323,458,13008.33794,7310.296491
459,____,59460.42857,1370.97,97.92642857,80240753.94,14,39.9283693,116.2581377,459,12900.30544,7266.020591
460,___,56450,1264.45,63.2225,71529753.47,20,39.933638,116.252203,460,12386.9102,7097.435736
461,___,57291.66667,336.08,112.0266667,19330185.56,3,39.92852332,116.2455532,461,13038.2104,7864.313505
462,____,59177.72222,3280.77,91.1325,190739753.3,36,39.9259365,116.2441202,462,13341.69278,8153.391503
463,____,68424.42308,2865.87,110.2257692,197461252.2,26,39.92616002,116.2567684,463,13156.92538,7527.229244
464,____,44514.14286,1430.91,102.2078571,62805737.39,14,39.92719148,116.2119982,464,13920.79861,9877.953405
465,__33__,39331.25,426.87,106.7175,16760140.85,4,39.931332,116.245704,465,12730.16514,7626.248204
466,___,63031.57143,886.96,126.7085714,56440529.22,7,39.929275,116.240477,466,13039.33935,8071.231071
467,____,100534.1176,1947.55,114.5617647,192770768.9,17,39.96217,116.299587,467,9197.938669,2377.331698
468,______,95558.78571,2731.06,195.0757143,252331171,14,39.97283897,116.2926192,468,7942.660932,1848.512893
469,________,101251.4,285.42,57.084,28960124.15,5,39.96823161,116.2948127,469,8473.359021,2034.993722
470,_____,80735.73333,3300.04,110.0013333,240210274.9,30,39.96019676,116.2990714,470,9406.763403,2592.36679
471,______,96602.22727,2716.49,123.4768182,259731181.9,22,39.9631566,116.2949411,471,9032.320002,2465.416902
472,______,109465,504.37,126.0925,55880307.96,4,39.964166,116.294781,472,8919.614575,2381.564619
473,____,88804,539.22,77.03142857,46730216.54,7,39.965802,116.297851,473,8777.38268,2095.657179
474,____,86594.8,739.65,147.93,64160343.79,5,39.96261253,116.2893194,474,9041.259422,2782.195177
475,____,104725.5,487.27,81.21166667,49210258.92,6,39.96100684,116.2891569,475,9217.645583,2926.2102
476,____,76365.5,1137.96,189.66,84980451.5,6,39.962938,116.301953,476,9148.711972,2223.750835
477,____,126273.75,931.98,232.995,116400421.2,4,39.96908654,116.2857566,477,8302.454777,2520.072006
478,____,116865.8286,3496.37,49.94814286,406527629.9,70,39.965076,116.297628,478,8853.903124,2172.21946
479,___63_,75318,55.1,55.1,4150021.8,1,39.908619,116.291481,479,15031.00681,8252.487525
480,_____10__,98381,215.4,53.85,20670123.5,4,39.90908421,116.2834507,480,14950.42526,8351.209352
481,_____11__,91445.17391,1340.76,58.29391304,120725595.7,23,39.9096287,116.2792577,481,14885.0705,8388.897098
482,_____12__,93957.5,106.4,53.2,10040053.3,2,39.90736233,116.2819361,482,15138.99591,8567.522044
483,_____5__,85046,87.6,87.6,7450029.6,1,39.9089427,116.2879974,483,14979.39566,8276.528546
484,_____9_,85846,1080.19,98.19909091,88235397.99,11,39.91028872,116.2830382,484,14815.92815,8231.688992
485,_____1__,79939,118.3,59.15,9440026.4,2,39.9091342,116.2882609,485,14959.18268,8251.07601
486,___1__,70680.71429,2107.82,60.22342857,147758987.6,35,39.90736067,116.2900431,486,15163.40429,8412.298909
487,___12__,80539.27273,750.78,68.25272727,60253412.06,11,39.90733778,116.2776471,487,15139.42924,8669.63003
488,____65_,80770.75,281.1,70.275,22674157.5,4,39.907799,116.287504,488,15104.40656,8408.951856
489,___12__,88747,56.34,56.34,5000005.98,1,39.91503659,116.2814949,489,14286.43847,7764.343327
490,_____,90079.53333,790.5,52.7,70540271.2,15,39.91631952,116.2822596,490,14145.1244,7610.479317
491,____59_,79806,123.06,61.53,9820066,2,39.907894,116.293773,491,15124.22561,8297.454633
492,____15____,85012.23077,789.7,60.74615385,67255398.8,13,39.91745779,116.2876928,492,14033.94573,7367.124067
493,____15____,89252.16667,2107.05,87.79375,188511011.6,24,39.91588239,116.2873276,493,14207.24374,7543.278849
494,____6__,85948.4,293.1,58.62,24520167.6,5,39.90738379,116.2879846,494,15152.22946,8445.105701
495,___61__,85506.56667,1779.48,59.316,147600868.1,30,39.9097439,116.288836,495,14893.91419,8174.897572
496,___,59658.8,322.88,64.576,18960792.02,5,39.946591,116.313795,496,11122.97152,3865.032133
497,_______,78520.75,373.43,93.3575,29320194.36,4,39.953141,116.321771,497,10598.55911,3208.619004
498,____,60153.75,569.59,47.46583333,33540298.18,12,39.9538193,116.3176651,498,10430.18571,3082.494757
499,_____,73098.75,1551.98,129.3316667,111270859,12,39.95283654,116.3136191,499,10448.63376,3171.445863
500,______,36144.75,594.56,148.64,21490222.56,4,39.95262904,116.315832,500,10516.74789,3201.271336
501,___8__,72399.29412,1447.97,85.17470588,104710747.9,17,39.95534775,116.3101123,501,10110.4336,2901.542143
502,_____,75230.0625,873.11,54.569375,65840402.63,16,39.95357107,116.3112054,502,10322.40626,3093.075281
503,_____,65796.06667,885.8,59.05333333,58380463.2,15,39.9517208,116.3054473,503,10423.17546,3347.84647
504,____,55735.33333,331.88,110.6266667,18445149.43,3,39.94787345,116.3116532,504,10944.85802,3723.918139
505,______,92055.8,667.34,133.468,60450269.06,5,39.948617,116.323266,505,11111.83401,3724.065062
506,___________,75411.33333,184.5,61.5,13816021.8,3,39.951113,116.316191,506,10686.25423,3371.117299
507,_______,71454.3,1414.54,70.727,101000669,20,39.949039,116.318223,507,10951.15895,3614.765461
508,______11__,66709,79.9,79.9,5330049.1,1,39.945926,116.316332,508,11244.20407,3946.479433
509,______19__,77323.22222,567.7,63.07777778,43820153.5,9,39.9480519,116.317337,509,11037.47058,3717.020417
510,______7__,84548,162.84,54.28,13759110.36,3,39.9476109,116.3162279,510,11061.56644,3759.266602
511,______60__,74147,82,82,6080054,1,39.950191,116.316952,511,10800.88333,3477.811294
512,_____,72882.75,251.7,62.925,17945156.3,4,39.950919,116.313965,512,10661.21755,3384.770917
513,___,61956.85938,4076.08,63.68875,253006958.2,64,39.998396,116.34226,513,7048.817686,2943.550212
514,___,96686,217.9,54.475,20725114.5,4,39.982249,116.339263,514,8288.546071,2029.12924
515,_____,79823.16667,1706.27,142.1891667,131191007.2,12,39.99055,116.328574,515,7061.604007,1571.787348
516,_______,71554,90.9,45.45,6380056.6,2,39.99080939,116.3254153,516,6905.759849,1415.318409
517,___15__,67425,476.1,68.01428571,31514707.3,7,39.99558955,116.3325853,517,6788.312973,2182.256201
518,___27__,63494.53333,784.1,52.27333333,49143392.4,15,39.99524677,116.3330094,518,6838.526304,2178.067363
519,____1__,67348.8,322.14,64.428,21675168.04,5,40.01234971,116.314336,519,4452.23699,3438.172356
520,____2__,60298.5,144.68,72.34,8720128.32,2,40.01223859,116.3143989,520,4464.917734,3425.980078
521,_____,71420.06667,883.92,58.928,62395533.9,15,39.99978267,116.3481248,521,7269.84589,3395.162008
522,____9__,60306.4,340.2,68.04,20275194.8,5,39.91014117,116.2946803,522,14881.27029,8039.386631
523,____,71098.28571,427.81,61.11571429,30160174.51,7,39.988528,116.34556,523,8031.119068,2636.195714
524,___,94973.6,455.06,91.012,42730129.91,5,39.98784488,116.3257489,524,7200.837277,1213.871481
525,_____,66965,482.31,53.59,32330318.47,9,40.00763427,116.3136269,525,4841.356271,2913.53808
526,___,59220,165.32,82.66,9800084.96,2,39.98770263,116.332716,526,7502.565913,1673.334424
527,___,68454.89655,3031.25,52.26293103,207523541.7,58,39.98639639,116.3366424,527,7794.807746,1906.509567
528,______,93334,60,60,5600040,1,39.98815878,116.3209042,528,6986.79593,964.2636166
529,______,96888,605.44,67.27111111,58189069.56,9,39.9865398,116.3186381,529,7066.983185,714.5775435
530,______,64716,61.5,61.5,3980034,1,39.99106384,116.322059,530,6748.10561,1278.43651
531,________,67299,142.35,71.175,9650044.92,2,39.99538686,116.3434146,531,7351.861333,2815.493034
532,____one,63243.175,3128.68,78.217,214638472.3,40,39.98662152,116.3303091,532,7500.993232,1454.152961
533,____,87941.42553,4662.31,99.19808511,395532445.2,47,39.991246,116.337077,533,7382.482346,2155.504508
534,__,65229.71429,1607.21,229.6014286,103850960.9,7,40.01414,116.321764,534,4690.672478,3697.103271
535,______,54687.45,1742.8,87.14,94385932.69,20,40.001798,116.338466,535,6573.702915,2998.670105
536,____,82364,66.17,66.17,5450025.88,1,39.991401,116.331107,536,7093.659167,1783.354701
537,___20__,65256,1069.19,59.39944444,69750616.68,18,39.990584,116.344338,537,7796.154494,2626.024668
538,______,39157,83,83,3250031,1,39.98666451,116.32753,538,7383.994457,1261.927998
539,____,99541.55556,1208.39,67.13277778,117655395.2,18,39.958582,116.3326149,539,10338.45593,2950.333996
540,___77__,48218,101,50.5,4870018,2,39.907838,116.272045,540,15091.90131,8764.999464
541,___17__,59223.625,465.8,58.225,27640251.5,8,39.917727,116.2625409,541,14039.87995,8082.078539
542,___2__,51872.90476,1138.6,54.21904762,59460515.5,21,39.914849,116.273401,542,14310.64033,8003.544748
543,___3__,57870.59259,1636.1,60.5962963,93375944.21,27,39.914849,116.273401,543,14310.64033,8003.544748
544,___5__,51201.33333,1561.22,57.82296296,80337767.5,27,39.918846,116.26726,544,13888.54343,7800.493802
545,____,50336.51852,8942.22,110.3977778,437388370.6,81,39.901367,116.280961,545,15803.4601,9228.26534
546,___34__,47095.6,274.39,54.878,12990087.13,5,39.89823491,116.2674144,546,16172.59827,9889.021527
547,___79__,52768.64286,756.8,54.05714286,39690358,14,39.909906,116.272498,547,14861.28231,8538.428403
548,___40__,81365.36364,638.6,58.05454545,51690255.5,11,39.89835811,116.2620944,548,16185.9565,10031.40603
549,___42__,78728.6,295.83,59.166,23470142.82,5,39.89835811,116.2620944,549,16185.9565,10031.40603
550,___44__,78170,140.72,140.72,11000082.4,1,39.89845888,116.2593379,550,16192.91671,10107.27349
551,___8__,48168,114.6,57.3,5520036,2,39.89898914,116.2742024,551,16069.63466,9633.568328
552,____12__,54966,43.3,43.3,2380027.8,1,39.89867453,116.2733036,552,16106.12951,9688.697478
553,____20__,60489.4,193,38.6,11620104.8,5,39.89900717,116.2676489,553,16086.01815,9802.454143
554,____26_,54942.33333,253.8,84.6,13910155.8,3,39.89879918,116.2750674,554,16089.49344,9632.887998
555,____40__,82875.5,298.5,74.625,24740137.7,4,39.89900717,116.2676489,555,16086.01815,9802.454143
556,____,40026,169.89,169.89,6800017.14,1,39.91261019,116.2675196,556,14578.46237,8414.475827
557,_____,51672.16667,356.46,59.41,18415206.89,6,39.90856152,116.3433458,557,15823.17231,8420.157786
558,_____47__,70839.5,155.6,77.8,11020034,2,39.9101239,116.272472,558,14837.16248,8516.683038
559,_____7__,37754,54.3,54.3,2050042.2,1,39.919978,116.274415,559,13739.36491,7448.975604
560,____,71018.85714,652.08,93.15428571,46365110.85,7,39.897901,116.269371,560,16202.34187,9870.582753
561,___15_,63615.66667,135.7,45.23333333,8630059.7,3,39.921599,116.263484,561,13605.25212,7671.907163
562,___17__,60854.33333,315.1,52.51666667,18415171.9,6,39.9210179,116.2646699,562,13662.06338,7682.533075
563,______,66663.4,384.95,76.99,25110196.52,5,39.920453,116.344379,563,14604.88895,7187.999619
564,___18__,45281,100.6,50.3,4540049.4,2,39.920722,116.262997,564,13705.51805,7775.115605
565,___22__,50338,103.4,51.7,5260049.2,2,39.921133,116.264853,565,13648.22161,7664.453181
566,___30__,43730,60.6,60.6,2650038,1,39.919658,116.2648439,566,13811.56817,7808.200031
567,___57__,49412.8,287.6,57.52,14335083.2,5,39.910536,116.2608659,567,14846.7447,8847.713873
568,___70__,65610,230.1,76.7,14960029.8,3,39.9100139,116.268528,568,14862.02038,8645.500738
569,___85__,44805,602.14,60.214,26870265.94,10,39.910126,116.2638979,569,14872.44817,8783.742787
570,___96__,85518,86.2,43.1,7370023.2,2,39.9033749,116.264912,570,15614.52705,9433.363487
571,___98__,76608.66667,190.1,63.36666667,14085128.2,3,39.903033,116.264667,571,15653.68605,9475.744358
572,_____5__,71256.66667,164.25,54.75,11700069.33,3,39.9059012,116.2655018,572,15331.61318,9157.907541
573,___,46080.4,714.78,71.478,32520617.68,10,39.90673,116.263459,573,15251.01072,9139.221985
574,____19__,54986.5,426.71,106.6775,23460297.84,4,39.920722,116.262997,574,13705.51805,7775.115605
575,_____,78772.65,2745.57,68.63925,209281294.8,40,39.905143,116.263066,575,15429.03569,9312.020392
576,_____,48546.09804,4324.73,84.79862745,208402762.4,51,39.91969461,116.2666924,576,13797.33321,7737.046808
577,_____,80168.33333,387.61,129.2033333,31070233.15,3,39.92038957,116.2540891,577,13819.44145,8172.25293
578,____,91500.88235,2307.16,135.7152941,209761311.7,17,39.91610366,116.2730376,578,14172.18775,7886.140428
579,____,61983,513.06,85.51,32650279.26,6,39.92010326,116.2588075,579,13805.92139,8000.521628
580,____16__,84473.53333,907.83,60.522,75925403.15,15,39.9038119,116.261309,580,15587.39225,9503.302996
581,____3__,72910.92857,1065.09,76.07785714,77095696.12,14,39.904202,116.268668,581,15505.97445,9236.707108
582,____,30151.66667,137.71,45.90333333,4370066.91,3,39.905592,116.265258,582,15367.11478,9196.944395
583,___30__,74644.28571,707.6,50.54285714,52440214.75,14,39.9070789,116.273079,583,15173.73725,8815.097268
584,___,51223.68182,1455.12,66.14181818,74745758.22,22,40.04033786,116.2854002,584,654.1937841,6886.600295
585,_____,63114.08889,6103.09,135.6242222,381163458.5,45,40.04863458,116.2489976,585,2343.477999,8963.854813
586,_____,61190.13333,1738.99,115.9326667,101730722.9,15,40.03154871,116.2644922,586,1726.707925,6720.44642
587,______,71441.03846,2924.27,112.4719231,206981501.6,26,40.04783201,116.2520096,587,2096.298996,8761.806374
588,_____,67497.36364,7539.38,342.6990909,489463698.4,22,40.0350907,116.266722,588,1316.575403,6959.117383
589,___,65992.125,589.15,73.64375,38925216.32,8,40.04733724,116.2598278,589,1496.223335,8402.706701
590,____,59460.29412,1784.83,104.99,111955840.4,17,40.04415337,116.2896536,590,868.9260957,7200.458704
591,____,74242.89189,5495.1,74.25810811,402091808.5,74,40.04805475,116.2521365,591,2092.317015,8777.352331
592,___,48939.25,338.75,84.6875,16770093.2,4,40.04032309,116.2859353,592,689.5527639,6872.257642
593,____,54175.4,1417.5,141.75,78260591.33,10,40.05443504,116.3082263,593,2594.952451,8118.513731
594,___,48087.41026,5642.86,72.34435897,268695767.1,78,40.05120174,116.2966488,594,1637.180612,7854.561993
595,___,54875.25,1019.57,127.44625,56160469.19,8,40.04652328,116.3072534,595,2251.207405,7245.394348
596,___,40203.90816,9627.32,98.23795918,374857422,98,40.04922382,116.3046786,596,2120.893289,7559.245122
597,_____2__,58831.04,3448.35,137.934,206509908.3,25,40.05398597,116.3048357,597,2340.348982,8085.204087
598,_____1__,63128.21053,4473.27,117.7176316,273079906.6,38,40.05398597,116.3048357,598,2340.348982,8085.204087
599,____,51214.84211,2122.95,111.7342105,108601226.1,19,40.0561207,116.3067273,599,2587.373401,8311.553543
600,____,50636.45455,6185.95,140.5897727,311817876.5,44,40.06293639,116.358594,600,6558.559209,9714.589502
601,______,41557.88235,1323.42,77.84823529,54585449.92,17,40.06125771,116.3661585,601,7060.678148,9772.408522
602,______,47408.55319,2619.62,55.73659574,123469374,47,40.05129987,116.324642,602,3672.896517,7812.989732
603,_____41__,48495.66667,144.32,48.10666667,7000019.48,3,40.06008876,116.3422079,603,5258.438555,9023.495198
604,______,44918.66667,531.25,59.02777778,23910236.6,9,40.06058106,116.3478492,604,5687.634702,9194.579983
605,____,44283.23404,4831.4,102.7957447,206870527.9,47,40.05615711,116.3307049,605,4273.742268,8412.200443
606,___,41251.76923,896.42,68.95538462,36600424.68,13,40.06325115,116.3648601,606,7029.323613,9932.697056
607,___,43715.70238,8826,105.0714286,373432842.6,84,40.06372191,116.3466283,607,5724.73003,9502.346313
608,____A_,69685.6,910.59,182.118,63300328.22,5,40.0515675,116.3285334,608,3972.916601,7882.53423
609,____A_,51082.22727,1913.53,86.97863636,97015936.86,22,40.05382505,116.3229135,609,3619.986336,8077.905392
610,____B_,65304.25,839.08,209.77,54700311.26,4,40.0515675,116.3285334,610,3972.916601,7882.53423
611,____,67608.27717,13144.14,71.43554348,872480462.1,184,40.05842647,116.3401715,611,5048.172614,8806.057296
612,____,38661.75,365.45,91.3625,14130235.89,4,40.05673163,116.357279,612,6268.697486,9037.000639
613,___,46306.59091,1700.04,77.27454545,77784696.7,22,40.05247271,116.3278728,613,3946.691021,7974.398739
614,____,47512.91228,4735.67,83.08192982,220752968,57,40.06238962,116.3517633,614,6040.317957,9478.046857
615,_______,40858,791.14,79.114,32500501.61,10,40.06371324,116.3599699,615,6687.428679,9833.813026
616,_______,51526,957.58,106.3977778,49620433.42,9,40.06371324,116.3599699,616,6687.428679,9833.813026
617,____C_,52121.33929,5359.24,95.70071429,274925089.5,56,40.05382505,116.3229135,617,3619.986336,8077.905392
618,____,46843.125,1615.14,100.94625,76030851.98,16,40.0605611,116.3756692,618,7751.424264,10036.09695
619,___8__,38532.46154,775.77,59.67461538,29840355.56,13,40.06245151,116.3411359,619,5278.5836,9257.949134
620,____,46418.7,717.8,71.78,32243357.15,10,40.06214353,116.3422655,620,5345.793999,9245.673563
621,____,42109.47368,1241.2,65.32631579,51915632.8,19,40.05210583,116.3258395,621,3784.198662,7912.920923
622,______,43222.32836,4618.96,68.93970149,199364369.9,67,40.06125771,116.3661585,622,7060.678148,9772.408522
623,___,40458,395.46,98.865,15980062.24,4,40.06126817,116.3508253,623,5930.120403,9337.025095
624,____,44295.8,1639.95,109.33,71360723.54,15,39.963627,116.246483,624,9227.263481,5523.701191
625,_____C_,46035,210.71,210.71,9700034.85,1,39.959252,116.243543,625,9756.713248,5921.808855
626,_____F_,56417,658.88,219.6266667,36350617.52,3,39.959252,116.243543,626,9756.713248,5921.808855
627,_____J_,33115,665.9,332.95,18000283.1,2,39.959252,116.243543,627,9756.713248,5921.808855
628,_____K_,69376,373.05,186.525,25600084.14,2,39.959252,116.243543,628,9756.713248,5921.808855
629,_____L_,50572,197.74,197.74,10000107.28,1,39.959252,116.243543,629,9756.713248,5921.808855
630,____,64431,320.5,320.5,20650135.5,1,39.979977,116.216644,630,8539.648242,7471.25266
631,_____,36348,57.5,57.5,2090010,1,39.992621,116.208735,631,7826.939136,8176.854933
632,____,34762,590.6,65.62222222,21180224.74,9,39.943284,116.226279,632,11857.25957,7945.951353
633,___,34001,470.58,470.58,16000190.58,1,39.9927597,116.1919861,633,8761.096352,9462.832319
634,________,48342,900.11,450.055,43500455.97,2,39.97165232,116.2348308,634,8681.635776,6157.270186
635,________,66844,312.14,156.07,21000060.92,2,39.97165232,116.2348308,635,8681.635776,6157.270186
636,___,50817,727.66,363.83,37500287.76,2,39.9464354,116.2198054,636,11713.88089,8203.265608
637,____E_,46833,256.23,256.23,12000019.59,1,39.95247963,116.2273243,637,10873.02326,7379.028142
638,______,51623,339,339,17500197,1,39.95247963,116.2273243,638,10873.02326,7379.028142
639,___6__,44201.33333,146.9,48.96666667,6550070.6,3,39.98005209,116.2028767,639,9172.787463,8537.136032
640,_____26__,42783,57.5,57.5,2460022.5,1,39.99294385,116.1893173,640,8906.920812,9670.373023
641,____,39702.26415,4606.35,86.91226415,182722383.6,53,39.966157,116.208066,641,10187.76153,8308.943753
642,____,88316,372.66,93.165,32190111.2,4,39.960066,116.246935,642,9599.824766,5645.290696
643,_____27__,41632.25,457.04,57.13,19030209.12,8,39.9943839,116.198161,643,8281.32857,9016.112625
644,_____A_,80603.5,655.41,109.235,50850383.65,6,39.959252,116.243543,644,9756.713248,5921.808855
645,_____B_,59384,651.39,162.8475,38620327.88,4,39.959252,116.243543,645,9756.713248,5921.808855
646,____,62007.5,117.83,58.915,7225087.42,2,39.9573112,116.2858281,646,9607.618096,3407.623122
647,______40__,66104.75,232.2,58.05,15245146.8,4,39.947238,116.345284,647,11894.09163,4539.269617
648,____31__,78351.58333,726.1,60.50833333,57485422.2,12,39.9488769,116.345015,648,11721.3127,4376.53328
649,____34__,59281,97.3,48.65,5910040.6,2,39.950032,116.348482,649,11727.92835,4432.230986
650,____38__,56115.5,103.86,51.93,5840027.79,2,39.951215,116.348354,650,11606.97171,4323.496627
651,____40__,64801,170.9,56.96666667,11060124.5,3,39.950427,116.348631,651,11694.40704,4405.052829
652,____48__,73892,309.8,51.63333333,23120212.7,6,39.950835,116.350758,652,11732.00495,4475.414542
653,____50__,75903.5,136.1,68.05,10330071.4,2,39.9507,116.350806,653,11746.95441,4489.21182
654,____56__,65765.33333,358.25,59.70833333,23890187.44,6,39.9484889,116.349069,654,11900.95724,4595.541107
655,____7__,86527.5,122.4,61.2,10500034.5,2,39.950032,116.348482,655,11727.92835,4432.230986
656,____,83907.5,3134.42,92.18882353,263061450.8,34,39.9497909,116.3458549,656,11659.20518,4330.982111
657,______40__,76278.33333,1446.42,68.87714286,108958554.5,21,39.947238,116.345284,657,11894.09163,4539.269617
658,____,75193.35714,1710.17,122.155,128270702.1,14,39.945915,116.359149,658,12526.09327,5315.271625
659,_____,68918.88571,2049.3,58.55142857,138890946,35,39.956368,116.354651,659,11349.59068,4252.907465
660,____,44574.90909,1751.68,159.2436364,74910582.69,11,39.9478734,116.3558414,660,12210.35092,4982.253978
661,______,61475.91667,2420,100.8333333,140308140.3,24,39.950201,116.355247,661,11962.85049,4760.506041
662,___,74816.25,435.4,54.425,32810226.4,8,39.947374,116.344518,662,11854.77763,4494.23868
663,____,66449.05556,1969.95,109.4416667,128251062.1,18,39.946161,116.350061,663,12165.97394,4848.635141
664,_____,74744.66667,230.52,76.84,17230140.56,3,39.907029,116.188281,664,16703.46671,12717.15684
665,____,70819.17857,4189.98,149.6421429,295489735.6,28,39.95109279,116.3480388,665,11607.6283,4318.675195
666,___,73263.125,837.99,104.74875,60950294.98,8,39.945862,116.348603,666,12144.62129,4809.986101
667,___56___,64001.33333,296.96,49.49333333,19120170.6,6,39.95038868,116.3518395,667,11815.63204,4567.72428
668,____,68729.36364,1319.2,119.9272727,87140643.3,11,39.94736156,116.3513548,668,12093.89122,4802.909714
669,____60__,71671.83333,399.48,66.58,28356133.2,6,39.957726,116.338747,669,10625.3041,3295.059007
670,______43__,60814.28571,777.3,55.52142857,47370406.3,14,39.947021,116.355625,670,12284.75947,5042.399135
671,___,60227.28571,628.22,89.74571429,37290231.48,7,39.95723,116.35463,671,11267.06787,4189.725089
672,____,75089.55,2344.46,117.223,179796155.6,20,39.94557703,116.3549883,672,12401.47727,5133.519976
673,____,59439.625,477.7,59.7125,28080322.03,8,39.95625879,116.3473186,673,11075.71592,3849.720241
674,____,42722.80952,2052.2,48.86190476,86903870.65,42,39.94018032,116.3466087,674,12646.85378,5261.805072
675,___,86310.09524,2363.53,112.5490476,208491269,21,39.945144,116.346161,675,12133.0819,4771.41617
676,____15__,67273,352.15,117.3833333,22380105.93,3,39.9524479,116.347764,676,11464.57191,4188.805879
677,____19__,70498.5,95.4,47.7,6710018.7,2,39.95162,116.348116,677,11558.59172,4277.009872
678,____21__,59251,230.94,115.47,13656078.06,2,39.9510749,116.348258,678,11617.27683,4330.885617
679,___,70961.76923,663.77,51.05923077,44860373.71,13,39.966209,116.355134,679,10452.58888,3667.227109
680,____21__,72014.4,876.36,87.636,64160531.44,10,39.964972,116.356821,680,10639.8894,3846.94656
681,_____26__,67644,277.5,69.375,18930180.6,4,39.95136548,116.3565586,681,11902.09371,4738.898631
682,_____4__,75955,260.5,86.83333333,20710143.2,3,39.95440715,116.3553435,682,11563.69424,4437.717523
683,______26_,64150,175.93,58.64333333,11300087.11,3,39.95109936,116.3566456,683,11930.97435,4764.510322
684,______6__,71886.4,541.61,108.322,38650139.74,5,39.95362217,116.3560284,684,11665.73451,4535.809523
685,______26_,69459.5,114.7,57.35,7980058.6,2,39.95192257,116.3564818,685,11845.81259,4691.302696
686,____21_,49755,81.6,81.6,4060008,1,39.94978275,116.3629784,686,12310.7469,5220.804246
687,____5_,71729,78.7,78.7,5645072.3,1,39.95145308,116.3626687,687,12141.12608,5079.752536
688,_____3_,55625,113.26,113.26,6300087.5,1,39.95401817,116.3566972,688,11654.8889,4544.395633
689,____,69686,54.1,54.1,3770012.6,1,39.957061,116.360827,689,11541.14629,4579.787693
690,____21__,62103.25,458.88,57.36,29846203.76,8,39.957138,116.370186,690,11949.9991,5178.344283
691,____3__,79984,155.3,51.76666667,12380046.9,3,39.966265,116.369796,691,11131.80142,4702.533593
692,____5_,58064.33333,146.98,48.99333333,8240050.78,3,39.970814,116.369406,692,10726.53033,4517.285325
693,_____25__,75342.5,610.66,76.3325,46375354.92,8,39.95471,116.371113,693,12209.96652,5383.430474
694,____32__,57997.95833,1480.8,61.7,85468769.6,24,39.9562559,116.357569,694,11479.19341,4434.300115
695,____34__,61294,126.3,63.15,7740079.2,2,39.957947,116.356835,695,11290.14849,4273.300529
696,____6_,76470.33333,153.7,51.23333333,11690046.5,3,39.957831,116.368389,696,11805.58503,5019.419784
697,____8_,59486,173.3,57.76666667,10310039.8,3,39.957825,116.36665,697,11727.20936,4905.324787
698,_____10__,76803,112,56,8610086,2,39.956763,116.365722,698,11781.94636,4909.415129
699,____,61854.8125,2883.32,60.06916667,179294274.9,48,39.954771,116.359254,699,11688.30926,4639.765988
700,_____10__,68589.66667,159.08,53.02666667,10180088.06,3,39.956763,116.365722,700,11781.94636,4909.415129
701,_____12_,67147,378.18,54.02571429,25740159.23,7,39.957679,116.364165,701,11629.53344,4752.603138
702,____,61134.76712,4079.63,55.88534247,251123306.1,73,39.95181291,116.3612538,702,12048.78356,4970.905039
703,___,58907.33333,359.03,59.83833333,21575209.16,6,39.95138743,116.3601397,703,12043.28674,4938.221045
704,______,65970.44444,605.51,67.27888889,40420259.74,9,39.962796,116.358103,704,10895.16386,4052.357431
705,_____34__,55270,85.4,85.4,4720058,1,39.9665649,116.366927,705,10965.99208,4483.334348
706,_____40__,69168.45455,887.27,80.66090909,61710413.98,11,39.9659,116.364511,706,10908.51381,4338.597947
707,_____44__,69003,64.49,64.49,4450003.47,1,39.9674879,116.359477,707,10532.73139,3910.701089
708,_____46__,67513.2,713.19,71.319,46606291,10,39.966784,116.356835,708,10475.82858,3756.680991
709,____,66007.4125,6904.94,86.31175,454726349,80,39.953703,116.361407,709,11877.98631,4843.910049
710,____,61168.75,693.39,86.67375,43370322.92,8,39.9529191,116.3559741,710,11730.5874,4586.209554
711,____,74479,84.6,42.3,6184015,2,39.95098831,116.358789,711,12026.60155,4891.998514
712,___,66739.28571,1896.87,67.74535714,127533761.2,28,39.95108226,116.3574776,712,11965.42687,4811.692334
713,___10___,63083.8,459.33,91.866,29150173.35,5,39.95055932,116.3580802,713,12039.20346,4885.687918
714,___10__,64735.71429,439.8,62.82857143,28980249.6,7,39.95024108,116.3541662,714,11917.59456,4700.187178
715,___15_16__,60584.92308,1709.58,65.75307692,104275770.1,26,39.94873161,116.3579277,715,12208.03248,5021.851724
716,____2__,61392.2,318.34,63.668,19840220.68,5,39.95137672,116.3645508,716,12227.12611,5196.294496
717,_____1_,71313,224.92,56.23,15981094.03,4,39.95024108,116.3541662,717,11917.59456,4700.187178
718,_______,62048.09091,598.3,54.39090909,38190266.69,11,39.95038868,116.3518395,718,11815.63204,4567.72428
719,____,59188.54688,2475.93,38.68640625,146369105.3,64,39.95070414,116.3626438,719,12210.34324,5133.141646
720,____31__,61737.8,344.17,68.834,20530160.43,5,39.95193,116.371257,720,12467.55567,5568.409105
721,___3__,47399.5,108.49,54.245,5150037.91,2,39.950523,116.362325,721,12214.21504,5128.126677
722,____,64812.75862,1634.69,56.36862069,105465724.8,29,39.95005636,116.3609745,722,12203.05888,5086.123434
723,____,60237.5,685.4,57.11666667,40660418.2,12,39.949914,116.361969,723,12256.98509,5153.290345
724,____45__,64064,50.7,50.7,3248044.8,1,39.9489272,116.3600193,724,12271.84192,5119.931882
725,____46__,70122.25,789.03,65.7525,55890505.64,12,39.9481993,116.360319,725,12353.11705,5193.504613
726,___,64595.80488,2316.82,56.50780488,149825103.6,41,39.9498,116.3573,726,12081.06796,4902.747112
727,___20__,70268.33333,349.35,58.225,24630159.91,6,39.947298,116.356554,727,12293.12069,5066.689503
728,_______5_,67472.25,981.3,61.33125,66530545.8,16,39.94729,116.36575,728,12659.37899,5566.214893
729,_____,50609.75,978.35,122.29375,49975421.93,8,40.005689,116.351605,729,7061.297721,4021.043428
730,____6__,63557.25,369.8,92.45,23610236,4,40.00581637,116.3451746,730,6659.910373,3677.416569
731,____9__,62311.28,1636.75,65.47,103420826.6,25,40.00581637,116.3451746,731,6659.910373,3677.416569
732,_____,56675.375,1775.34,73.9725,101800958.8,24,40.00015721,116.3358773,732,6566.625597,2729.902711
733,____27__,61328.67857,1881.64,67.20142857,114920876.5,28,40.001621,116.349851,733,7236.044551,3625.613116
734,___,69076.33333,475.57,158.5233333,33100155.97,3,40.016025,116.356685,734,6789.421643,5116.245617
735,___125__,55204.16667,699.91,116.6516667,38570362.02,6,40.01419,116.357294,735,6925.557739,4997.154785
736,___14__,52731.33333,494,82.33333333,26210255.2,6,40.012105,116.345602,736,6269.764054,4238.201349
737,___16__,49802.5,107.2,53.6,5345034.9,2,40.0114325,116.3440157,737,6211.15185,4105.545652
738,_____,65827.63636,738.6,67.14545455,48570337.5,11,40.006009,116.344113,738,6582.778661,3638.425525
739,____,57465.3,791.12,79.112,45570314.73,10,40.00565658,116.3410533,739,6427.366223,3455.974585
740,___18__,59621,208.17,52.0425,12140097.5,4,40.00967002,116.3463976,740,6474.880458,4062.748362
741,___14__,57272.78571,969.21,69.22928571,55530319.42,14,40.00100259,116.3434339,741,6911.11321,3203.042182
742,____39__,62048.5,268.68,67.17,16150085.9,4,39.98875683,116.3468714,742,8077.947813,2740.700417
743,___,33972.33333,436.77,145.59,14850276.03,3,40.01100045,116.3467607,743,6412.938731,4195.342414
744,___,50908.53333,1901.2,126.7466667,93891219.6,15,40.01080578,116.3489733,744,6566.830625,4287.412457
745,____,63405.88732,5643.65,79.48802817,360507997.2,71,40.01272816,116.3457007,745,6237.678114,4298.539107
746,____,65092.30435,1118.43,48.6273913,73035456.23,23,40.00195052,116.3446053,746,6906.290858,3341.139144
747,____,47728,746.86,74.686,35800305.18,10,40.016113,116.34111,747,5735.209087,4423.212065
748,________,80998.625,398.39,49.79875,31705170.23,8,40.004488,116.3499723,748,7042.050258,3837.876135
749,___,50587.34286,5031.27,71.87528571,252452346.9,70,40.011217,116.351457,749,6702.767838,4448.337415
750,___,53117.18182,2425.19,73.49060606,126751245.8,33,40.01440421,116.3421678,750,5906.925546,4301.193765
751,____,58846.86667,1171.84,78.12266667,67812970.54,15,40.00517972,116.3455719,751,6728.498005,3646.765544
752,___,74290.04762,1462.5,69.64285714,109277711.1,21,40.00368616,116.3441879,752,6754.06413,3452.988073
753,____,59340.03333,3171.82,105.7273333,186131659.9,30,39.999833,116.354345,753,7630.261592,3794.120672
754,_____,50006.82609,1893.92,82.34434783,92530943.59,23,39.916866,116.208336,754,15091.91088,10827.03783
755,_____,52061.66667,1558.25,74.20238095,79631791.76,21,39.9193278,116.2088985,755,14821.27405,10614.81286
756,_____,49267.09677,2833.08,91.38967742,138121483.9,31,39.921996,116.207019,756,14600.14868,10537.94936
757,___,53884.1,689.46,68.946,36505350.16,10,40.011582,116.284963,757,3600.202268,3997.044808
758,_____36__,78118.5,92.58,46.29,7230068.04,2,39.98952487,116.2789302,758,6013.889972,2795.177093
759,______,58929,56,56,3300024,1,39.97686328,116.2425565,759,7922.666938,5486.008717
760,____4__,61029,48.83,48.83,2980046.07,1,39.9890622,116.2840088,760,6080.426665,2407.636545
761,____11__,71651.16667,508.3,84.71666667,36200351.92,6,39.98955862,116.2807027,761,6012.569712,2666.899715
762,_____35__,67737,56.1,56.1,3800045.7,1,39.98975212,116.2802323,762,5990.141397,2708.465947
763,_____1__,65141,56.8,56.8,3700008.8,1,39.99160896,116.2868999,763,5819.298625,2323.684276
764,___,66455.13333,1127.96,75.19733333,74505522.36,15,40.00788982,116.2810158,764,3979.611648,3849.857875
765,_____,72162.55556,561.7,62.41111111,40375347.4,9,39.99875027,116.2694107,765,5038.173256,3892.75018
766,_____,68274.5,263.06,65.765,18090084.58,4,39.98973598,116.2862562,766,6020.7823,2275.075161
767,______,61196.1,707.72,70.772,44090335.33,10,39.9799609,116.2497947,767,7415.092502,4904.74005
768,______,68282,171.35,171.35,11700120.7,1,39.917223,116.257035,768,14139.26648,8344.974365
769,____,50062.54545,1039.87,94.53363636,51880684.25,11,39.92207238,116.2472613,769,13717.51013,8331.007389
770,_____,56461.32432,3154.4,85.25405405,171626524.4,37,39.91830346,116.2477488,770,14123.24952,8643.576046
771,_____,57024.78125,2982.95,93.2171875,166116356,32,39.91803366,116.2512508,771,14109.75787,8512.227103
772,_____,54991.19512,3322.99,81.04853659,173476777.3,41,39.9206857,116.2537181,772,13790.8281,8161.180872
773,_____,56591.84211,1549.73,81.56473684,87398712.61,19,39.92012883,116.2503276,773,13890.79649,8362.334885
774,___16__,50270.71429,421.24,60.17714286,21210235.7,7,39.9116118,116.2474336,774,14860.11732,9269.529627
775,___48__,62904,159.65,79.825,10050062.32,2,39.89845888,116.2593379,775,16192.91671,10107.27349
776,_____18_,81255,104.61,104.61,8500085.55,1,39.902577,116.259698,776,15735.03738,9680.483743
777,____,35179,230.83,115.415,12110091.21,2,39.925049,116.246115,777,13408.57569,8128.561802
778,___12__,59643,121.4,60.7,7190052.4,2,39.918045,116.263126,778,14000.79542,8029.248859
779,____,63422,1301.54,216.9233333,82480784.5,6,39.923474,116.239412,779,13685.63621,8599.598282
780,_____220_,53589.33333,163.63,54.54333333,8500105.96,3,39.921256,116.250023,780,13770.95266,8274.733869
781,_____9__,48656.25,404.76,101.19,19730066.78,4,39.920986,116.248203,781,13823.72793,8382.763745
782,___46__,71731.46154,1570.27,60.395,111460862.3,26,39.906693,116.2534259,782,15333.81767,9496.237146
783,___,74172,57.3,57.3,4250055.6,1,39.995562,116.297207,783,5537.298773,1996.666504
784,_____,69477.61111,938,52.11111111,65155506.6,18,39.9732617,116.3692888,784,10516.87402,4445.355143
785,____,48749,298.56,149.28,14570198.16,2,39.986871,116.301983,785,6566.324452,1053.299129
786,___,65417.92593,1676.79,62.10333333,111186979.6,27,39.989191,116.301272,786,6303.58778,1259.631434
787,___13__,82660.75,189.51,47.3775,15350070.84,4,39.96482,116.341714,787,10033.77899,2881.517234
788,___5__,78849.8,458.81,91.762,36270268.84,5,39.961755,116.343643,788,10403.81525,3218.207081
789,___9__,60423.5,173.22,86.61,10350112.29,2,39.960966,116.342837,789,10450.60722,3233.439032
790,____,40672,460.24,92.048,18580134.23,5,39.96612,116.323146,790,9281.849767,1866.517252
791,_______,77338.36111,2188.11,60.78083333,168141117.5,36,39.96514,116.329773,791,9584.024112,2219.892042
792,______,61592.61905,1272.69,60.60428571,75665641.83,21,39.95928382,116.3170096,792,9835.744868,2474.006952
793,____,56221.55556,495.4,55.04444444,27865244.99,9,39.96126216,116.3362844,793,10188.77254,2868.044406
794,___,53676.11111,3823.54,70.8062963,211339221.9,54,39.958707,116.351641,794,11006.71518,3906.914697
795,___,63430.3,926.64,92.664,57530458.79,10,39.961693,116.33909,795,10243.54618,2973.56988
796,____133__,68348.42857,409.7,58.52857143,28200195.1,7,39.968528,116.33812,796,9538.65177,2408.309793
797,_________,41151,185.82,92.91,8500116.26,2,39.9655698,116.3196561,797,9241.846384,1829.451033
798,_______8_,85670.8,616.69,123.338,52660519.98,5,39.96203238,116.3244691,798,9741.502944,2323.751027
799,_______8_,88723,56.75,56.75,5035030.25,1,39.96100816,116.3655152,799,11389.4149,4649.148878
800,____,74756.03571,4843.58,57.66166667,361203528.1,84,39.9565511,116.330485,800,10480.48932,3070.188961
801,___14__,66172,525.78,131.445,33160315,4,39.95995525,116.3308627,801,10144.2273,2750.100004
802,___2__,65122.14286,507.9,72.55714286,33070142.9,7,39.95644688,116.3285006,802,10433.129,3016.528045
803,___7__,53256,63.28,63.28,3370039.68,1,39.96213872,116.3332211,803,9998.54989,2646.44761
804,____2__,68014,166.8,55.6,11290067.2,3,39.95644688,116.3285006,804,10433.129,3016.528045
805,____8__,40967.66667,175.07,58.35666667,7340111.93,3,39.968755,116.33794,805,9509.847419,2382.160189
806,____4__,63352.88889,604.03,67.11444444,38740326.16,9,39.96211207,116.3325027,806,9977.773103,2616.470939
807,____16__,64333.5,258.5,129.25,16630036.5,2,39.95895428,116.3313957,807,10262.60818,2867.052601
808,____2__,61697,77.8,77.8,4800026.6,1,39.95644688,116.3285006,808,10433.129,3016.528045
809,____2__,66295.5,92.4,46.2,6030041.6,2,39.95644688,116.3285006,809,10433.129,3016.528045
810,____,74667.4,1180.29,59.0145,88164586.46,20,39.959444,116.3283735,810,10121.11784,2709.777483
811,____,61197.04762,1244.86,59.27904762,74402596.72,21,39.967179,116.350502,811,10162.92488,3299.817931
812,____,84229,589.67,65.51888889,49190218.38,9,39.962185,116.324096,812,9715.184648,2297.198706
813,____,71927,551.23,78.74714286,39020350.65,7,39.965746,116.327625,813,9454.639916,2070.565403
814,___133__,46156.33333,294.22,98.07333333,13410146.56,3,39.968528,116.33812,814,9538.65177,2408.309793
815,___,60313.75,447.68,111.92,26830300.52,4,39.96849,116.352218,815,10115.94318,3352.333974
816,____,71123.19231,3775.47,145.2103846,277667185.4,26,39.9757309,116.3431091,816,9054.965094,2408.526067
817,____,76220.68,1430.73,57.2292,110064690.2,25,39.975033,116.346385,817,9261.284278,2673.704931
818,____,70899.40741,1565.94,57.99777778,111095657.9,27,39.9763719,116.3347996,818,8654.289547,1771.489602
819,____,65610.45098,3328.2,65.25882353,214262559.4,51,39.974626,116.345097,819,9242.492209,2590.390875
820,___,83610.80952,4584.48,109.1542857,378680229,42,39.97050274,116.3352332,820,9238.979978,2098.668664
821,___,64726.56667,6543.64,109.0606667,416444333.7,60,39.97228106,116.3405002,821,9270.361267,2351.853897
822,____,37150.4,815.66,163.132,30310154.91,5,39.975112,116.339391,822,8957.426329,2153.173677
823,____,66362.36364,1004.03,91.27545455,65920593.18,11,39.97579539,116.3418644,823,8996.050321,2313.670004
824,___2__,71079.5,812.3,58.02142857,57731329.66,14,39.97455244,116.3453193,824,9258.883108,2609.240795
825,___52__,59975,521.9,65.2375,31325170,8,39.97494586,116.3312799,825,8659.442061,1580.390119
826,___56__,78899.42105,1135.88,59.78315789,88490504.61,19,39.97364339,116.3310286,826,8778.158462,1634.416087
827,_____106__,73698,439.57,73.26166667,32400232.28,6,39.97230174,116.3298155,827,8867.912836,1642.495038
828,______,107036.5,517.63,64.70375,56950352.55,8,39.97290108,116.345565,828,9421.969577,2686.257473
829,____,59019.44444,1780.62,98.92333333,104950956.3,18,39.973067,116.337545,829,9078.404554,2107.777305
830,___,70144,616.08,88.01142857,44170254,7,39.957168,116.35804,830,11413.30157,4400.04785
831,____,67091.52778,1914.83,53.18972222,127905940.6,36,39.973277,116.35076,831,9615.621191,3053.659652
832,____,66711.16129,1966.51,63.43580645,131445124.1,31,39.971449,116.351849,832,9829.898293,3198.680478
833,____,68957.94737,2127.09,111.9521053,146046023.2,19,39.9721356,116.3496786,833,9670.988705,3014.608053
834,____,105852.422,7264.31,66.64504587,760830682,109,39.983648,116.324929,834,7575.483826,950.2571312
835,_____,89347.25,516.79,64.59875,46012209.3,8,39.9813756,116.3352525,835,8197.924485,1716.338025
836,___,75292,790.77,46.51588235,58025402.86,17,39.979613,116.338611,836,8503.356703,1986.369894
837,_____,51330.14286,906.14,129.4485714,45630495.21,7,39.97590766,116.3308348,837,8549.046704,1503.355188
838,____,65745.25,363.26,90.815,23700227.78,4,39.98184397,116.3180244,838,7519.189998,385.2878035
839,___,66079,262.08,131.04,17000195.16,2,39.97885566,116.3276208,839,8143.07068,1160.143596
840,___47__,70711.5,137.2,68.6,9700077.6,2,39.97647538,116.332035,840,8538.356213,1565.669703
841,___57__,66822.75,406.08,101.52,27360358.72,4,39.97605289,116.3291336,841,8473.066813,1376.920711
842,___59__,73465.5,164.88,82.44,12000081.48,2,39.97582439,116.3288244,842,8484.533092,1366.645998
843,____18__,69833.5,245.77,61.4425,17435108.75,4,39.97798083,116.3322932,843,8402.525525,1534.798237
844,___,90319.04878,2698.7,65.82195122,237971340.3,41,39.98195432,116.3093939,844,7261.024591,292.9399817
845,______,101944.25,723.1,60.25833333,72510197.3,12,39.97949008,116.3143561,845,7650.928624,233.3046447
846,______,96240,201.2,67.06666667,19270169.6,3,39.98098802,116.3232196,846,7776.80485,785.7438495
847,______,95612,150.4,75.2,14380044.8,2,39.98017807,116.3213417,847,7794.389324,653.1749904
848,____,52601.64286,648.51,46.32214286,34460305.19,14,39.97598367,116.3308308,848,8541.470497,1499.668953
849,____,34475,315.6,315.6,10880310,1,39.9826476,116.3328373,849,7978.839268,1535.563154
850,____,101570.2727,3027.42,68.805,300124101.3,44,39.980737,116.318484,850,7645.961402,424.0526203
851,_______,95791.5,428.5,71.41666667,40770174.1,6,39.982481,116.333111,851,8005.739822,1555.135512
852,____,106597.4677,3801.35,61.31209677,398166773.8,62,39.982418,116.321256,852,7567.188897,642.4293085
853,___,86410.22727,1217.97,55.36227273,104605571.9,22,39.976482,116.324128,853,8257.629499,1014.164271
854,____,58311,1933.21,175.7463636,110726137,11,39.9451881,116.3069365,854,11156.98092,4048.588326
855,____,71199.4,814.79,81.479,57830438.71,10,39.937206,116.303482,855,11980.87387,4962.84882
856,___28__,53247.77778,898.61,99.84555556,48070545.24,9,39.9362379,116.3047859,856,12103.57051,5055.302766
857,___29__,61487.75,351.37,87.8425,21650239.63,4,39.931312,116.300214,857,12590.75801,5649.910384
858,___32__,55070,457.97,91.594,24847264.64,5,39.934005,116.303243,858,12328.85193,5317.140807
859,____,76586.4,1827.79,60.92633333,139850815.9,30,39.947379,116.305073,859,10890.38085,3827.883156
860,____,64649.08511,3162.3,67.28297872,206419726.2,47,39.937206,116.303482,860,11980.87387,4962.84882
861,____53_,60958.33333,320.67,106.89,17356150.71,3,39.934225,116.302093,861,12291.13867,5306.542875
862,___10__,86554.69048,2618.9,62.3547619,224550196.1,42,39.946867,116.299077,862,10868.32183,3984.741657
863,____,38706,765.75,109.3928571,29195424.28,7,39.9382779,116.3147344,863,12036.57947,4789.372745
864,_____,79253,453.6,56.7,35615193,8,39.944399,116.309176,864,11278.19454,4119.213578
865,_____,71582.82353,5215.43,61.358,371568502.7,85,39.941151,116.297187,865,11477.05878,4635.415776
866,_____23__,77748.66667,183.9,61.3,14240134.9,3,39.932623,116.317687,866,12700.74752,5427.256643
867,_____27__,64687,56.89,56.89,3680043.43,1,39.9326099,116.316258,867,12676.13988,5422.571596
868,_____35__,69183,254.6,63.65,17850140.1,4,39.9350479,116.3112919,868,12327.8525,5148.205311
869,_____45__,83886.6,182.1,36.42,15265071.5,5,39.9332799,116.311877,869,12529.29193,5343.452926
870,____,71765.8,601.69,120.338,42530407.7,5,39.951888,116.29828,870,10307.81896,3471.574043
871,___,63198.07692,1692.25,65.08653846,106988929.8,26,39.940467,116.309332,871,11707.7883,4553.937639
872,___9__,70973,277.9,55.58,19630142.8,5,39.942601,116.306753,872,11435.98083,4335.564396
873,____,54699,1400.96,51.88740741,76093578.76,27,39.937817,116.286887,873,11773.2716,5247.460698
874,______,65183.9,1091.18,109.118,71385294.77,10,39.9392471,116.3115078,874,11875.59961,4681.673491
875,___,33301.2,1171.99,234.398,37820529.58,5,39.9472275,116.3040466,875,10892.15412,3858.127367
876,_________,77152.5,114.32,57.16,8820073.8,2,39.935641,116.30365,876,12154.46932,5132.846591
877,____,67276.14286,3312.46,157.7361905,224601377.2,21,39.947075,116.306278,877,10941.52309,3847.280937
878,____,61913,251.9,125.95,15500180.26,2,39.934303,116.299497,878,12254.2127,5334.036624
879,____,74021.53061,6651.25,135.7397959,492401233.4,49,39.942688,116.311897,879,11509.55451,4299.006603
880,___,74978,230.85,46.17,17300067.85,5,39.936192,116.314489,880,12257.57168,5020.453209
881,_____,64154.16667,588.57,98.095,37970186.75,6,39.9348397,116.3147258,881,12407.97036,5170.986593
882,_____12__,66886.83333,324.7,54.11666667,21790091.1,6,39.934895,116.315008,882,12406.95845,5165.430681
883,_____17__,74736.4,270.73,54.146,19730172.43,5,39.936903,116.313418,883,12161.97406,4940.404973
884,_____25__,80542.16667,593.5,49.45833333,46090356.38,12,39.932907,116.313672,884,12599.17236,5384.217578
885,____,66284.16667,805.46,134.2433333,54230352.12,6,39.940195,116.301185,885,11625.21632,4666.876709
886,____,67721.85,1519.12,75.956,103850721.1,20,39.94006,116.300532,886,11632.49093,4691.801039
887,____,55099.5,245.13,122.565,13488020.4,2,39.93391242,116.2975398,887,12278.02119,5408.306429
888,_____,83166.66667,409.64,136.5466667,34280173.97,3,39.93491742,116.3041454,888,12239.95655,5207.133826
889,_____101__,76055,637.7,63.77,48460288.1,10,39.93134875,116.3031516,889,12619.19875,5610.151072
890,_____109_,100000,44.5,44.5,4450000,1,39.927684,116.30959,890,13104.10874,5970.12176
891,_____56__,75184.22222,508.7,56.52222222,37910243.4,9,39.9371049,116.3115829,891,12109.21033,4919.310063
892,_____89__,62073,62.83,62.83,3900046.59,1,39.934722,116.309142,892,12330.08599,5191.526821
893,____,69563.33333,573.31,191.1033333,39170190.83,3,39.933113,116.299529,893,12385.50867,5463.151916
894,____,68028.35714,1930.84,137.9171429,131291039.5,14,39.93459106,116.2953459,894,12183.80019,5375.808839
895,_____,83212.2,823.38,164.676,71200392.81,5,39.94385304,116.3082083,895,11321.9674,4185.778978
896,____,91718.09091,2162.8,196.6181818,195751237,11,39.93324304,116.3174359,896,12629.24641,5357.303789
897,____,49017.86364,4121.1,187.3227273,200757809.5,22,39.94249704,116.2975616,897,11332.57018,4483.634117
898,___98__,64374.2,870.96,58.064,56030461.66,15,39.93662962,116.3154959,898,12228.32101,4974.185396
899,____3__,68372,95.8,95.8,6550037.6,1,39.941821,116.3066469,899,11519.4355,4422.544832
900,_____14__,68928.5,525.4,52.54,36065241,10,39.93449001,116.3137591,900,12429.10908,5208.520016
901,_____20__,74291.05263,1166.07,61.37210526,84719502.92,19,39.9342901,116.3137132,901,12449.98338,5230.68108
902,_____,67972.89286,1745.66,62.345,118116943.5,28,39.94103134,116.301468,902,11536.79831,4571.51379
903,___1__,68274,49.8,49.8,3400045.2,1,39.93890001,116.3045049,903,11808.57456,4765.260483
904,_____1__,91522.94444,979.77,54.43166667,89158429.75,18,39.950666,116.301031,904,10475.45908,3537.767169
905,_______,58590,119.41,59.705,6640050.28,2,39.946467,116.297121,905,10891.11127,4070.955029
906,__________,69160.33333,155.6,51.86666667,10600102.9,3,39.939201,116.316105,906,11962.36677,4691.000202
907,____,74772.33333,306.12,102.04,23010185.43,3,39.937602,116.300599,907,11903.26372,4958.099166